Source,Dice,Target,pool,player ,Remarks
C5-會試 : P44-會元,功,C6-殿試 : P49-探花,,10,
C5-會試 : P44-會元,才,C6-殿試 : P48-榜眼,,10,
C5-會試 : P45-會魁,德,C6-殿試 : P48-榜眼,,10,
C5-會試 : P45-會魁,才,C6-殿試 : P49-探花,,10,
C5-會試 : P46-進士,德,C6-殿試 : P48-榜眼,,10,
C5-會試 : P46-進士,才,C6-殿試 : P49-探花,,10,
C5-會試 : P44-會元,德,C6-殿試 : P47-狀元,,20,
C28-督院 : P175-總督,德,C66-品級考 : P418-榮祿大夫,,30,"漢員非翰林出身,德作大賀,滿員及筆帖式出身遇德准行協辦,六部同"
C32-工部 : P190-尚書,德,C66-品級考 : P418-榮祿大夫,,30,
C33-刑部 : P198-尚書,德,C66-品級考 : P418-榮祿大夫,,30,
C34-兵部 : P206-尚書,德,C66-品級考 : P418-榮祿大夫,,30,
C35-禮部 : P213-尚書,德,C66-品級考 : P418-榮祿大夫,,30,
C36-戶部 : P223-尚書,德,C66-品級考 : P418-榮祿大夫,,30,
C37-吏部 : P231-尚書,德,C66-品級考 : P418-榮祿大夫,,30,
C62-殿閣 : P388-文華殿大學士,德,C66-品級考 : P417-光祿大夫,,30,大賀
C62-殿閣 : P389-武英馭大學士,德,C66-品級考 : P417-光祿大夫,,30,大賀
C62-殿閣 : P390-文淵閣大學士,德,C66-品級考 : P417-光祿大夫,,30,大賀
C62-殿閣 : P391-體仁閣大學士,德,C66-品級考 : P417-光祿大夫,,30,大賀
C57-內閣 : P352-大學士,功,C62-殿閣 : P389-武英馭大學士,,40,
C57-內閣 : P352-大學士,才,C62-殿閣 : P388-文華殿大學士,,40,
C57-內閣 : P352-大學士,柔,C62-殿閣 : P391-體仁閣大學士,,40,
C57-內閣 : P352-大學士,良,C62-殿閣 : P390-文淵閣大學士,,40,
C57-內閣 : P353-協辦大學士,功,C57-內閣 : P352-大學士,,40,
C57-內閣 : P353-協辦大學士,才,C57-內閣 : P352-大學士,,40,
C14-捐班候補 : P82-額外郎中,功,C32-工部 : P193-郎中,,,
C14-捐班候補 : P82-額外郎中,德,C36-戶部 : P226-郎中,,,
C14-捐班候補 : P82-額外郎中,才,C33-刑部 : P201-郎中,,,
C14-捐班候補 : P82-額外郎中,賍,C1-出身 : P11-監生,,,"停補, my assumption, could also mean wait one round"
C14-捐班候補 : P83-額外員外,功,C32-工部 : P194-員外,,,
C14-捐班候補 : P83-額外員外,德,C36-戶部 : P227-員外,,,
C14-捐班候補 : P83-額外員外,才,C33-刑部 : P202-員外,,,
C14-捐班候補 : P83-額外員外,賍,C1-出身 : P11-監生,,,回
C14-捐班候補 : P84-額外主事,功,C32-工部 : P195-主事,,,
C14-捐班候補 : P84-額外主事,德,C36-戶部 : P228-主事,,,
C14-捐班候補 : P84-額外主事,才,C33-刑部 : P203-主事,,,
C14-捐班候補 : P84-額外主事,賍,C1-出身 : P11-監生,,,停補
C14-捐班候補 : P85-候補道,功,C21-各道 : P137-巡道,,,
C14-捐班候補 : P85-候補道,德,C21-各道 : P135-糧道,,,
C14-捐班候補 : P85-候補道,才,C21-各道 : P136-鹽道,,,
C14-捐班候補 : P85-候補道,賍,C1-出身 : P11-監生,,,停補
C14-捐班候補 : P86-候補府,功,C19-外府 : P118-簡府,,,
C14-捐班候補 : P86-候補府,德,C19-外府 : P117-煩府,,,
C14-捐班候補 : P86-候補府,才,C19-外府 : P117-煩府,,,
C14-捐班候補 : P86-候補府,賍,C1-出身 : P11-監生,,,停補
C14-捐班候補 : P87-候補州,功,C16-州 : P103-知州,,,
C14-捐班候補 : P87-候補州,德,C17-直隸州 : P109-知州,,,
C14-捐班候補 : P87-候補州,才,C17-直隸州 : P109-知州,,,
C14-捐班候補 : P87-候補州,賍,C1-出身 : P11-監生,,,停補
C14-捐班候補 : P88-候補縣,功,C15-縣 : P94-簡縣,,,
C14-捐班候補 : P88-候補縣,德,C15-縣 : P92-京縣,,,
C14-捐班候補 : P88-候補縣,才,C15-縣 : P93-煩縣,,,
C14-捐班候補 : P88-候補縣,賍,C1-出身 : P11-監生,,,停補
C14-捐班候補 : P89-候補京官佐雜,功,C29-兵馬司 : P177-正揮,,,補實
C14-捐班候補 : P89-候補京官佐雜,德,C46-大理寺 : P294-寺丞,,,"補實, assumption"
C14-捐班候補 : P89-候補京官佐雜,才,C41-國子監 : P260-監丞,,,補實
C14-捐班候補 : P89-候補京官佐雜,賍,C1-出身 : P11-監生,,,停補
C14-捐班候補 : P90-候補外官佐雜,功,C19-外府 : P120-通判,,,補實
C14-捐班候補 : P90-候補外官佐雜,德,C19-外府 : P119-同知,,,補實
C14-捐班候補 : P90-候補外官佐雜,才,C15-縣 : P96-縣丞,,,補實
C14-捐班候補 : P90-候補外官佐雜,賍,C1-出身 : P11-監生,,,停補
C15-縣 : P100-大使,功,C15-縣 : P98-巡檢,,,
C15-縣 : P100-大使,德,C19-外府 : P123-司獄,,,
C15-縣 : P100-大使,才,C17-直隸州 : P112-吏目,,,
C15-縣 : P100-大使,柔,C19-外府 : P125-大使,,,
C15-縣 : P100-大使,良,C21-各道 : P138-庫大使,,,
C15-縣 : P100-大使,賍,C15-縣 : P102-倉官,,,
C15-縣 : P101-驛丞,功,C15-縣 : P98-巡檢,,,
C15-縣 : P101-驛丞,德,C19-外府 : P124-照磨,,,
C15-縣 : P101-驛丞,才,C16-州 : P106-吏目,,,
C15-縣 : P101-驛丞,柔,C21-各道 : P139-倉官,,,
C15-縣 : P101-驛丞,良,C19-外府 : P125-大使,,,
C15-縣 : P101-驛丞,賍,C0-局外：P0-白丁,,,
C15-縣 : P102-倉官,功,C15-縣 : P99-典史,,,
C15-縣 : P102-倉官,德,C15-縣 : P98-巡檢,,,
C15-縣 : P102-倉官,才,C16-州 : P106-吏目,,,
C15-縣 : P102-倉官,柔,C16-州 : P107-大使,,,
C15-縣 : P102-倉官,良,C21-各道 : P139-倉官,,,
C15-縣 : P102-倉官,賍,C0-局外：P0-白丁,,,
C15-縣 : P92-京縣,功,C37-吏部 : P236-主事,,,
C15-縣 : P92-京縣,德,C17-直隸州 : P109-知州,,,
C15-縣 : P92-京縣,才,C20-京府 : P130-四路同知,,,
C15-縣 : P92-京縣,良,C20-京府 : P131-通判,,,
C15-縣 : P92-京縣,賍,C17-直隸州 : P110-州同,,,
C15-縣 : P93-煩縣,功,C36-戶部 : P228-主事,,,
C15-縣 : P93-煩縣,德,C17-直隸州 : P109-知州,,,
C15-縣 : P93-煩縣,才,C19-外府 : P119-同知,,,
C15-縣 : P93-煩縣,良,C15-縣 : P92-京縣,,,
C15-縣 : P93-煩縣,賍,C15-縣 : P96-縣丞,,,
C15-縣 : P94-簡縣,功,C54-中書科 : P327-中書,,,
C15-縣 : P94-簡縣,德,C18-直隸廳 : P113-同知,,,
C15-縣 : P94-簡縣,才,C19-外府 : P120-通判,,,
C15-縣 : P94-簡縣,良,C15-縣 : P93-煩縣,,,
C15-縣 : P94-簡縣,賍,C15-縣 : P96-縣丞,,,
C15-縣 : P95-揀發知縣,功,C15-縣 : P94-簡縣,,,
C15-縣 : P95-揀發知縣,德,C15-縣 : P93-煩縣,,,
C15-縣 : P95-揀發知縣,才,C15-縣 : P93-煩縣,,,
C15-縣 : P95-揀發知縣,賍,C15-縣 : P95-揀發知縣,,,
C15-縣 : P96-縣丞,功,C29-兵馬司 : P178-副揮,,,
C15-縣 : P96-縣丞,德,C15-縣 : P93-煩縣,,,
C15-縣 : P96-縣丞,才,C15-縣 : P94-簡縣,,,
C15-縣 : P96-縣丞,良,C16-州 : P105-州判,,,
C15-縣 : P96-縣丞,賍,C15-縣 : P97-主簿,,,
C15-縣 : P97-主簿,功,C15-縣 : P96-縣丞,,,
C15-縣 : P97-主簿,德,C17-直隸州 : P111-州判,,,
C15-縣 : P97-主簿,才,C18-直隸廳 : P114-經歷,,,
C15-縣 : P97-主簿,賍,C15-縣 : P98-巡檢,,,
C15-縣 : P98-巡檢,功,C17-直隸州 : P112-吏目,,,
C15-縣 : P98-巡檢,德,C15-縣 : P97-主簿,,,
C15-縣 : P98-巡檢,才,C20-京府 : P133-照磨,,,
C15-縣 : P98-巡檢,賍,C15-縣 : P99-典史,,,
C15-縣 : P99-典史,功,C15-縣 : P98-巡檢,,,
C15-縣 : P99-典史,德,C15-縣 : P97-主簿,,,
C15-縣 : P99-典史,才,C19-外府 : P124-照磨,,,
C15-縣 : P99-典史,賍,C16-州 : P108-倉官,,,
C16-州 : P103-知州,功,C17-直隸州 : P109-知州,,,
C16-州 : P103-知州,德,C24-鹽院 : P154-運同,,,
C16-州 : P103-知州,才,C19-外府 : P119-同知,,,
C16-州 : P103-知州,良,C20-京府 : P129-治中,,,
C16-州 : P103-知州,賍,C16-州 : P104-州同,,,
C16-州 : P104-州同,功,C29-兵馬司 : P177-正揮,,,
C16-州 : P104-州同,德,C16-州 : P103-知州,,,
C16-州 : P104-州同,才,C43-光祿寺 : P275-署正,,,
C16-州 : P104-州同,良,C19-外府 : P120-通判,,,
C16-州 : P104-州同,賍,C16-州 : P105-州判,,,
C16-州 : P105-州判,功,C16-州 : P104-州同,,,
C16-州 : P105-州判,德,C43-光祿寺 : P277-滿缺典簿,,,
C16-州 : P105-州判,才,C15-縣 : P94-簡縣,,,
C16-州 : P105-州判,良,C29-兵馬司 : P178-副揮,,,
C16-州 : P105-州判,賍,C23-布政司 : P151-照磨,,,
C16-州 : P106-吏目,功,C18-直隸廳 : P115-司獄,,,
C16-州 : P106-吏目,德,C19-外府 : P122-知事,,,"repaired, from 外府同知"
C16-州 : P106-吏目,才,C15-縣 : P97-主簿,,,
C16-州 : P106-吏目,賍,C16-州 : P108-倉官,,,
C16-州 : P107-大使,功,C17-直隸州 : P112-吏目,,,
C16-州 : P107-大使,德,C15-縣 : P97-主簿,,,
C16-州 : P107-大使,才,C19-外府 : P124-照磨,,,
C16-州 : P107-大使,良,C16-州 : P106-吏目,,,
C16-州 : P107-大使,賍,C16-州 : P107-大使,-5,,
C16-州 : P108-倉官,功,C15-縣 : P98-巡檢,,,
C16-州 : P108-倉官,德,C19-外府 : P123-司獄,,,
C16-州 : P108-倉官,才,C16-州 : P106-吏目,,,
C16-州 : P108-倉官,柔,C16-州 : P107-大使,,,
C16-州 : P108-倉官,良,C15-縣 : P99-典史,,,
C16-州 : P108-倉官,賍,C0-局外：P0-白丁,,,
C17-直隸州 : P109-知州,功,C32-工部 : P194-員外,,,
C17-直隸州 : P109-知州,德,C19-外府 : P117-煩府,,,
C17-直隸州 : P109-知州,才,C24-鹽院 : P154-運同,,,
C17-直隸州 : P109-知州,賍,C19-外府 : P120-通判,,,
C17-直隸州 : P110-州同,功,C54-中書科 : P327-中書,,,
C17-直隸州 : P110-州同,德,C32-工部 : P195-主事,,,
C17-直隸州 : P110-州同,才,C20-京府 : P131-通判,,,
C17-直隸州 : P110-州同,良,C38-鑾儀衛 : P240-經歷,,,
C17-直隸州 : P110-州同,賍,C17-直隸州 : P111-州判,,,
C17-直隸州 : P111-州判,功,C17-直隸州 : P110-州同,,,
C17-直隸州 : P111-州判,德,C43-光祿寺 : P277-滿缺典簿,,,
C17-直隸州 : P111-州判,才,C15-縣 : P94-簡縣,,,
C17-直隸州 : P111-州判,良,C29-兵馬司 : P178-副揮,,,
C17-直隸州 : P111-州判,賍,C23-布政司 : P150-庫大使,,,
C17-直隸州 : P112-吏目,功,C18-直隸廳 : P115-司獄,,,
C17-直隸州 : P112-吏目,德,C19-外府 : P122-知事,,,
C17-直隸州 : P112-吏目,才,C15-縣 : P97-主簿,,,
C17-直隸州 : P112-吏目,賍,C15-縣 : P102-倉官,,,
C18-直隸廳 : P113-同知,功,C33-刑部 : P202-員外,,,
C18-直隸廳 : P113-同知,德,C19-外府 : P117-煩府,,,
C18-直隸廳 : P113-同知,才,C24-鹽院 : P154-運同,,,
C18-直隸廳 : P113-同知,賍,C19-外府 : P120-通判,,,
C18-直隸廳 : P114-經歷,功,C24-鹽院 : P158-經歷,,,
C18-直隸廳 : P114-經歷,德,C15-縣 : P94-簡縣,,,
C18-直隸廳 : P114-經歷,才,C22-按察司 : P141-經歷,,,
C18-直隸廳 : P114-經歷,賍,C23-布政司 : P151-照磨,,,
C18-直隸廳 : P115-司獄,功,C19-外府 : P124-照磨,,,
C18-直隸廳 : P115-司獄,德,C19-外府 : P122-知事,,,repaired
C18-直隸廳 : P115-司獄,才,C15-縣 : P97-主簿,,,
C18-直隸廳 : P115-司獄,賍,C16-州 : P107-大使,,,
C18-直隸廳 : P116-照磨,功,C22-按察司 : P143-照磨,,,
C18-直隸廳 : P116-照磨,德,C15-縣 : P96-縣丞,,,
C18-直隸廳 : P116-照磨,才,C23-布政司 : P151-照磨,,,
C18-直隸廳 : P116-照磨,賍,C19-外府 : P126-檢校,,,
C19-外府 : P117-煩府,功,C21-各道 : P137-巡道,,,
C19-外府 : P117-煩府,德,C21-各道 : P135-糧道,,,
C19-外府 : P117-煩府,才,C21-各道 : P136-鹽道,,,
C19-外府 : P117-煩府,賍,C19-外府 : P119-同知,,,
C19-外府 : P118-簡府,功,C25-河院 : P162-河道,,,
C19-外府 : P118-簡府,德,C21-各道 : P135-糧道,,,
C19-外府 : P118-簡府,才,C21-各道 : P137-巡道,,,
C19-外府 : P118-簡府,賍,C19-外府 : P119-同知,,,
C19-外府 : P119-同知,功,C24-鹽院 : P154-運同,,,
C19-外府 : P119-同知,德,C19-外府 : P117-煩府,,,
C19-外府 : P119-同知,才,C19-外府 : P118-簡府,,,
C19-外府 : P119-同知,良,C34-兵部 : P210-員外,,,
C19-外府 : P119-同知,賍,C19-外府 : P120-通判,,,
C19-外府 : P120-通判,功,C24-鹽院 : P155-運副,,,
C19-外府 : P120-通判,德,C19-外府 : P119-同知,,,
C19-外府 : P120-通判,才,C16-州 : P103-知州,,,
C19-外府 : P120-通判,良,C20-京府 : P131-通判,,,
C19-外府 : P120-通判,賍,C20-京府 : P132-經歷,,,
C19-外府 : P121-經歷,功,C29-兵馬司 : P178-副揮,,,
C19-外府 : P121-經歷,德,C15-縣 : P93-煩縣,,,
C19-外府 : P121-經歷,才,C22-按察司 : P141-經歷,,,
C19-外府 : P121-經歷,良,C16-州 : P105-州判,,,
C19-外府 : P121-經歷,賍,C19-外府 : P122-知事,,,
C19-外府 : P122-知事,功,C15-縣 : P96-縣丞,,,
C19-外府 : P122-知事,德,C16-州 : P105-州判,,,
C19-外府 : P122-知事,才,C19-外府 : P121-經歷,,,
C19-外府 : P122-知事,賍,C21-各道 : P138-庫大使,,,
C19-外府 : P123-司獄,功,C20-京府 : P133-照磨,,,
C19-外府 : P123-司獄,德,C19-外府 : P122-知事,,,
C19-外府 : P123-司獄,才,C15-縣 : P97-主簿,,,
C19-外府 : P123-司獄,賍,C19-外府 : P125-大使,,,
C19-外府 : P124-照磨,功,C22-按察司 : P143-照磨,,,
C19-外府 : P124-照磨,德,C22-按察司 : P142-知事,,,
C19-外府 : P124-照磨,才,C23-布政司 : P151-照磨,,,
C19-外府 : P124-照磨,賍,C15-縣 : P99-典史,,,
C19-外府 : P125-大使,功,C18-直隸廳 : P116-照磨,,,
C19-外府 : P125-大使,德,C19-外府 : P122-知事,,,
C19-外府 : P125-大使,才,C15-縣 : P97-主簿,,,
C19-外府 : P125-大使,賍,C19-外府 : P126-檢校,,,
C19-外府 : P126-檢校,功,C16-州 : P106-吏目,,,
C19-外府 : P126-檢校,德,C15-縣 : P97-主簿,,,
C19-外府 : P126-檢校,才,C19-外府 : P124-照磨,,,
C19-外府 : P126-檢校,柔,C16-州 : P107-大使,,,
C19-外府 : P126-檢校,賍,C0-局外：P0-白丁,,,
C1-出身 : P10-生員,功,C3-學院 : P27-拔貢,,,
C1-出身 : P10-生員,德,C4-鄉試 : P38-經魁,,,
C1-出身 : P10-生員,才,C4-鄉試 : P39-舉人,,,
C1-出身 : P10-生員,柔,C3-學院 : P32-增生,,,
C1-出身 : P10-生員,良,C3-學院 : P28-優貢,,,
C1-出身 : P11-監生,功,C3-學院 : P27-拔貢,,,
C1-出身 : P11-監生,德,C4-鄉試 : P38-經魁,,,
C1-出身 : P11-監生,才,C4-鄉試 : P39-舉人,,,
C1-出身 : P11-監生,柔,C8-各館謄錄 : P57-生監謄錄,,,
C1-出身 : P11-監生,良,C8-各館謄錄 : P57-生監謄錄,,,
C1-出身 : P12-官學生,功,C45-太常寺 : P289-讀祝官,,,
C1-出身 : P12-官學生,德,C31-各部院 : P185-八品筆帖式,,,
C1-出身 : P12-官學生,才,C31-各部院 : P186-九品筆帖式,,,
C1-出身 : P12-官學生,柔,C1-出身 : P10-生員,,,
C1-出身 : P12-官學生,良,C45-太常寺 : P290-贊禮郎,,,
C1-出身 : P13-供事,功,C16-州 : P106-吏目,,,
C1-出身 : P13-供事,德,C19-外府 : P121-經歷,,,
C1-出身 : P13-供事,才,C19-外府 : P122-知事,,,
C1-出身 : P13-供事,柔,C15-縣 : P99-典史,,,
C1-出身 : P13-供事,良,C15-縣 : P99-典史,,,
C1-出身 : P14-吏員,功,C15-縣 : P98-巡檢,,,
C1-出身 : P14-吏員,德,C22-按察司 : P142-知事,,,
C1-出身 : P14-吏員,才,C22-按察司 : P144-司獄,,,
C1-出身 : P14-吏員,柔,C15-縣 : P99-典史,,,
C1-出身 : P14-吏員,良,C15-縣 : P99-典史,,,
C1-出身 : P15-童生,功,C1-出身 : P11-監生,,,
C1-出身 : P15-童生,德,C1-出身 : P5-保舉,,,
C1-出身 : P15-童生,才,C1-出身 : P10-生員,,,
C1-出身 : P15-童生,柔,C42-鴻臚寺 : P272-序班,,,
C1-出身 : P15-童生,良,C3-學院 : P33-佾生,,,
C1-出身 : P15-童生,賍,C35-禮部 : P222-儒士,,,
C1-出身 : P1-蔭生,功,C50-都察院 : P312-經歷,,,
C1-出身 : P1-蔭生,德,C32-工部 : P194-員外,,,
C1-出身 : P1-蔭生,才,C34-兵部 : P211-主事,,,
C1-出身 : P1-蔭生,柔,C43-光祿寺 : P277-滿缺典簿,,,
C1-出身 : P1-蔭生,良,C54-中書科 : P327-中書,,,
C1-出身 : P2-軍功,功,C15-縣 : P97-主簿,,,
C1-出身 : P2-軍功,才,C15-縣 : P96-縣丞,,,
C1-出身 : P3-貢生,功,C4-鄉試 : P40-副榜,,,
C1-出身 : P3-貢生,德,C4-鄉試 : P38-經魁,,,
C1-出身 : P3-貢生,才,C4-鄉試 : P39-舉人,,,
C1-出身 : P3-貢生,柔,C8-各館謄錄 : P57-生監謄錄,,,
C1-出身 : P3-貢生,良,C8-各館謄錄 : P57-生監謄錄,,,
C1-出身 : P4-恩賞,功,C17-直隸州 : P109-知州,,,
C1-出身 : P4-恩賞,德,C32-工部 : P193-郎中,,,
C1-出身 : P4-恩賞,才,C33-刑部 : P202-員外,,,
C1-出身 : P4-恩賞,柔,C34-兵部 : P211-主事,,,
C1-出身 : P4-恩賞,良,C16-州 : P103-知州,,,
C1-出身 : P5-保舉,功,C25-河院 : P167-縣丞,,,
C1-出身 : P5-保舉,德,C31-各部院 : P187-七品小京官,,,
C1-出身 : P5-保舉,才,C15-縣 : P94-簡縣,,,
C1-出身 : P5-保舉,良,C25-河院 : P168-主簿,,,
C1-出身 : P6-詞科,功,C1-出身 : P6-詞科,5,,
C1-出身 : P6-詞科,德,C56-翰林院 : P347-檢討,,,"added manually, reason: uniquenodes C56-翰林院 : P347-檢討"
C1-出身 : P6-詞科,才,C54-中書科 : P327-中書,,,
C1-出身 : P6-詞科,賍,C1-出身 : P6-詞科,,,
C1-出身 : P7-筆帖式,功,C31-各部院 : P186-九品筆帖式,,,"added manually, reason: typo 筆貼式, fixed"
C1-出身 : P7-筆帖式,德,C31-各部院 : P184-七品筆帖式,,,
C1-出身 : P7-筆帖式,才,C31-各部院 : P185-八品筆帖式,,,
C1-出身 : P8-天文生,功,C40-欽天監 : P256-博士,,,
C1-出身 : P8-天文生,德,C40-欽天監 : P253-挈壺,,,
C1-出身 : P8-天文生,才,C40-欽天監 : P255-五官司書,,,
C1-出身 : P8-天文生,良,C40-欽天監 : P257-司晨,,,
C1-出身 : P9-醫士,功,C1-出身 : P9-醫士,5,,
C1-出身 : P9-醫士,德,C39-太醫院 : P245-九品吏目,,,
C1-出身 : P9-醫士,才,C39-太醫院 : P246-醫士,,,
C1-出身 : P9-醫士,柔,C1-出身 : P9-醫士,,,
C1-出身 : P9-醫士,良,C1-出身 : P9-醫士,,,
C1-出身 : P9-醫士,賍,C1-出身 : P9-醫士,,,
C20-京府 : P127-府尹,功,C47-通政司 : P296-通政使,,,
C20-京府 : P127-府尹,德,C32-工部 : P192-右侍郎,,,
C20-京府 : P127-府尹,才,C53-宗人府 : P322-宗丞,,,
C20-京府 : P127-府尹,良,C46-大理寺 : P292-正卿,,,
C20-京府 : P128-府丞,德,C47-通政司 : P297-副使,,,
C20-京府 : P128-府丞,才,C46-大理寺 : P293-少卿,,,
C20-京府 : P128-府丞,柔,C20-京府 : P128-府丞,,,
C20-京府 : P128-府丞,賍,C47-通政司 : P298-參議,,,
C20-京府 : P129-治中,功,C24-鹽院 : P154-運同,,,
C20-京府 : P129-治中,德,C19-外府 : P117-煩府,,,
C20-京府 : P129-治中,才,C37-吏部 : P235-員外,,,
C20-京府 : P129-治中,柔,C20-京府 : P129-治中,,,
C20-京府 : P129-治中,賍,C20-京府 : P131-通判,,,
C20-京府 : P130-四路同知,功,C24-鹽院 : P154-運同,,,
C20-京府 : P130-四路同知,德,C19-外府 : P117-煩府,,,
C20-京府 : P130-四路同知,才,C36-戶部 : P227-員外,,,
C20-京府 : P130-四路同知,柔,C20-京府 : P129-治中,,,
C20-京府 : P130-四路同知,賍,C20-京府 : P131-通判,,,
C20-京府 : P131-通判,功,C19-外府 : P119-同知,,,
C20-京府 : P131-通判,德,C35-禮部 : P217-員外,,,
C20-京府 : P131-通判,才,C20-京府 : P129-治中,,,
C20-京府 : P131-通判,賍,C22-按察司 : P141-經歷,,,
C20-京府 : P132-經歷,功,C23-布政司 : P147-經歷,,,
C20-京府 : P132-經歷,德,C15-縣 : P92-京縣,,,
C20-京府 : P132-經歷,才,C24-鹽院 : P157-運判,,,
C20-京府 : P132-經歷,良,C16-州 : P104-州同,,,
C20-京府 : P132-經歷,賍,C24-鹽院 : P160-知事,,,
C20-京府 : P133-照磨,功,C23-布政司 : P151-照磨,,,
C20-京府 : P133-照磨,德,C22-按察司 : P142-知事,,,
C20-京府 : P133-照磨,才,C15-縣 : P96-縣丞,,,
C20-京府 : P133-照磨,良,C22-按察司 : P143-照磨,,,
C20-京府 : P133-照磨,賍,C20-京府 : P134-崇文門副使,,,
C20-京府 : P134-崇文門副使,功,C15-縣 : P99-典史,,,
C20-京府 : P134-崇文門副使,德,C17-直隸州 : P112-吏目,,,
C20-京府 : P134-崇文門副使,才,C19-外府 : P125-大使,,,
C20-京府 : P134-崇文門副使,柔,C16-州 : P107-大使,,,
C20-京府 : P134-崇文門副使,良,C16-州 : P107-大使,,,
C20-京府 : P134-崇文門副使,賍,C20-京府 : P134-崇文門副使,,,
C21-各道 : P135-糧道,德,C22-按察司 : P140-按察使,,,
C21-各道 : P135-糧道,才,C45-太常寺 : P284-少卿,,,
C21-各道 : P135-糧道,賍,C18-直隸廳 : P113-同知,,,
C21-各道 : P136-鹽道,功,C42-鴻臚寺 : P268-正卿,,,
C21-各道 : P136-鹽道,德,C22-按察司 : P140-按察使,,,
C21-各道 : P136-鹽道,才,C24-鹽院 : P153-運使,,,
C21-各道 : P136-鹽道,賍,C24-鹽院 : P154-運同,,,
C21-各道 : P137-巡道,德,C22-按察司 : P140-按察使,,,
C21-各道 : P137-巡道,才,C44-太僕寺 : P279-少卿,,,
C21-各道 : P137-巡道,賍,C18-直隸廳 : P113-同知,,,
C21-各道 : P138-庫大使,功,C15-縣 : P97-主簿,,,
C21-各道 : P138-庫大使,德,C19-外府 : P122-知事,,,repaired
C21-各道 : P138-庫大使,才,C23-布政司 : P151-照磨,,,
C21-各道 : P138-庫大使,柔,C22-按察司 : P143-照磨,,,
C21-各道 : P138-庫大使,良,C20-京府 : P133-照磨,,,
C21-各道 : P138-庫大使,賍,C25-河院 : P170-閘官,,,
C21-各道 : P139-倉官,功,C22-按察司 : P145-檢校,,,
C21-各道 : P139-倉官,德,C15-縣 : P97-主簿,,,
C21-各道 : P139-倉官,才,C23-布政司 : P151-照磨,,,
C21-各道 : P139-倉官,柔,C16-州 : P107-大使,,,
C21-各道 : P139-倉官,良,C16-州 : P106-吏目,,,
C21-各道 : P139-倉官,賍,C21-各道 : P139-倉官,-5,,
C22-按察司 : P140-按察使,德,C23-布政司 : P146-布政使,,,
C22-按察司 : P140-按察使,才,C45-太常寺 : P283-正卿,,,
C22-按察司 : P140-按察使,賍,C65-外員內調降用 : P416-按察內調,,,
C22-按察司 : P141-經歷,功,C23-布政司 : P147-經歷,,,
C22-按察司 : P141-經歷,德,C19-外府 : P120-通判,,,
C22-按察司 : P141-經歷,才,C15-縣 : P93-煩縣,,,
C22-按察司 : P141-經歷,良,C24-鹽院 : P157-運判,,,
C22-按察司 : P141-經歷,賍,C22-按察司 : P142-知事,,,
C22-按察司 : P142-知事,德,C15-縣 : P94-簡縣,,,
C22-按察司 : P142-知事,才,C17-直隸州 : P111-州判,,,
C22-按察司 : P142-知事,賍,C22-按察司 : P143-照磨,,,
C22-按察司 : P143-照磨,功,C15-縣 : P96-縣丞,,,
C22-按察司 : P143-照磨,德,C22-按察司 : P142-知事,,,
C22-按察司 : P143-照磨,才,C19-外府 : P121-經歷,,,
C22-按察司 : P143-照磨,良,C23-布政司 : P151-照磨,,,
C22-按察司 : P143-照磨,賍,C22-按察司 : P144-司獄,,,
C22-按察司 : P144-司獄,功,C20-京府 : P133-照磨,,,
C22-按察司 : P144-司獄,德,C19-外府 : P122-知事,,,
C22-按察司 : P144-司獄,才,C15-縣 : P97-主簿,,,
C22-按察司 : P144-司獄,賍,C21-各道 : P139-倉官,,,
C22-按察司 : P145-檢校,功,C18-直隸廳 : P116-照磨,,,
C22-按察司 : P145-檢校,德,C19-外府 : P122-知事,,,repaired
C22-按察司 : P145-檢校,才,C22-按察司 : P143-照磨,,,
C22-按察司 : P145-檢校,柔,C22-按察司 : P144-司獄,,,
C22-按察司 : P145-檢校,良,C23-布政司 : P150-庫大使,,,
C22-按察司 : P145-檢校,賍,C15-縣 : P101-驛丞,,,
C23-布政司 : P146-布政使,德,C27-撫院 : P173-巡撫,,,
C23-布政司 : P146-布政使,才,C47-通政司 : P296-通政使,,,
C23-布政司 : P146-布政使,賍,C65-外員內調降用 : P415-布政內調,,,
C23-布政司 : P147-經歷,功,C43-光祿寺 : P275-署正,,,
C23-布政司 : P147-經歷,德,C16-州 : P103-知州,,,
C23-布政司 : P147-經歷,才,C19-外府 : P120-通判,,,
C23-布政司 : P147-經歷,賍,C47-通政司 : P299-經歷,,,
C23-布政司 : P148-理問,功,C19-外府 : P120-通判,,,
C23-布政司 : P148-理問,德,C16-州 : P103-知州,,,
C23-布政司 : P148-理問,才,C29-兵馬司 : P177-正揮,,,
C23-布政司 : P148-理問,良,C43-光祿寺 : P275-署正,,,
C23-布政司 : P148-理問,賍,C22-按察司 : P141-經歷,,,
C23-布政司 : P149-都事,功,C15-縣 : P94-簡縣,,,
C23-布政司 : P149-都事,德,C23-布政司 : P147-經歷,,,
C23-布政司 : P149-都事,才,C22-按察司 : P141-經歷,,,
C23-布政司 : P149-都事,良,C16-州 : P104-州同,,,
C23-布政司 : P149-都事,賍,C17-直隸州 : P111-州判,,,
C23-布政司 : P150-庫大使,功,C24-鹽院 : P158-經歷,,,
C23-布政司 : P150-庫大使,德,C15-縣 : P94-簡縣,,,
C23-布政司 : P150-庫大使,才,C22-按察司 : P141-經歷,,,
C23-布政司 : P150-庫大使,良,C17-直隸州 : P111-州判,,,
C23-布政司 : P150-庫大使,賍,C19-外府 : P122-知事,,,repaired
C23-布政司 : P151-照磨,功,C22-按察司 : P142-知事,,,
C23-布政司 : P151-照磨,德,C23-布政司 : P149-都事,,,
C23-布政司 : P151-照磨,才,C16-州 : P105-州判,,,
C23-布政司 : P151-照磨,良,C15-縣 : P96-縣丞,,,
C23-布政司 : P151-照磨,賍,C22-按察司 : P143-照磨,,,
C24-鹽院 : P153-運使,德,C22-按察司 : P140-按察使,,,
C24-鹽院 : P153-運使,才,C22-按察司 : P140-按察使,,,
C24-鹽院 : P153-運使,柔,C24-鹽院 : P153-運使,,,
C24-鹽院 : P154-運同,德,C19-外府 : P117-煩府,,,
C24-鹽院 : P154-運同,才,C19-外府 : P118-簡府,,,
C24-鹽院 : P154-運同,柔,C24-鹽院 : P154-運同,,,
C24-鹽院 : P155-運副,功,C25-河院 : P163-同知,,,
C24-鹽院 : P155-運副,德,C24-鹽院 : P154-運同,,,
C24-鹽院 : P155-運副,才,C20-京府 : P129-治中,,,
C24-鹽院 : P155-運副,柔,C24-鹽院 : P155-運副,,,
C24-鹽院 : P155-運副,賍,C24-鹽院 : P157-運判,,,
C24-鹽院 : P156-提舉,功,C19-外府 : P119-同知,,,
C24-鹽院 : P156-提舉,德,C24-鹽院 : P154-運同,,,
C24-鹽院 : P156-提舉,才,C20-京府 : P130-四路同知,,,
C24-鹽院 : P156-提舉,柔,C43-光祿寺 : P275-署正,,,
C24-鹽院 : P156-提舉,賍,C24-鹽院 : P157-運判,,,
C24-鹽院 : P157-運判,功,C29-兵馬司 : P177-正揮,,,
C24-鹽院 : P157-運判,德,C24-鹽院 : P155-運副,,,
C24-鹽院 : P157-運判,才,C43-光祿寺 : P275-署正,,,
C24-鹽院 : P157-運判,柔,C24-鹽院 : P157-運判,,,
C24-鹽院 : P157-運判,良,C19-外府 : P120-通判,,,
C24-鹽院 : P157-運判,賍,C24-鹽院 : P158-經歷,,,
C24-鹽院 : P158-經歷,功,C22-按察司 : P141-經歷,,,
C24-鹽院 : P158-經歷,德,C15-縣 : P94-簡縣,,,
C24-鹽院 : P158-經歷,才,C23-布政司 : P147-經歷,,,
C24-鹽院 : P158-經歷,柔,C24-鹽院 : P158-經歷,,,
C24-鹽院 : P158-經歷,良,C25-河院 : P165-州同,,,
C24-鹽院 : P158-經歷,賍,C24-鹽院 : P159-大使,,,
C24-鹽院 : P159-大使,功,C23-布政司 : P149-都事,,,
C24-鹽院 : P159-大使,德,C15-縣 : P94-簡縣,,,
C24-鹽院 : P159-大使,才,C25-河院 : P165-州同,,,
C24-鹽院 : P159-大使,柔,C24-鹽院 : P159-大使,,,
C24-鹽院 : P159-大使,良,C24-鹽院 : P158-經歷,,,
C24-鹽院 : P159-大使,賍,C24-鹽院 : P160-知事,,,
C24-鹽院 : P160-知事,功,C23-布政司 : P150-庫大使,,,
C24-鹽院 : P160-知事,德,C23-布政司 : P149-都事,,,
C24-鹽院 : P160-知事,才,C19-外府 : P121-經歷,,,
C24-鹽院 : P160-知事,柔,C24-鹽院 : P160-知事,,,
C24-鹽院 : P160-知事,賍,C25-河院 : P168-主簿,,,
C25-河院 : P161-河督,德,C37-吏部 : P231-尚書,,,
C25-河院 : P161-河督,才,C28-督院 : P175-總督,,,
C25-河院 : P161-河督,柔,C25-河院 : P161-河督,,,
C25-河院 : P162-河道,德,C22-按察司 : P140-按察使,,,
C25-河院 : P162-河道,才,C24-鹽院 : P153-運使,,,
C25-河院 : P162-河道,柔,C25-河院 : P162-河道,,,
C25-河院 : P163-同知,德,C19-外府 : P117-煩府,,,
C25-河院 : P163-同知,才,C24-鹽院 : P154-運同,,,
C25-河院 : P163-同知,柔,C25-河院 : P163-同知,,,
C25-河院 : P164-通判,功,C24-鹽院 : P155-運副,,,
C25-河院 : P164-通判,德,C25-河院 : P163-同知,,,
C25-河院 : P164-通判,才,C16-州 : P103-知州,,,
C25-河院 : P164-通判,柔,C25-河院 : P164-通判,,,
C25-河院 : P164-通判,良,C20-京府 : P131-通判,,,
C25-河院 : P164-通判,賍,C25-河院 : P165-州同,,,
C25-河院 : P165-州同,功,C24-鹽院 : P156-提舉,,,
C25-河院 : P165-州同,德,C16-州 : P103-知州,,,
C25-河院 : P165-州同,才,C29-兵馬司 : P177-正揮,,,
C25-河院 : P165-州同,柔,C25-河院 : P165-州同,,,
C25-河院 : P165-州同,良,C25-河院 : P164-通判,,,
C25-河院 : P165-州同,賍,C25-河院 : P166-州判,,,
C25-河院 : P166-州判,功,C22-按察司 : P141-經歷,,,
C25-河院 : P166-州判,德,C23-布政司 : P148-理問,,,
C25-河院 : P166-州判,才,C24-鹽院 : P157-運判,,,
C25-河院 : P166-州判,柔,C25-河院 : P166-州判,,,
C25-河院 : P166-州判,良,C24-鹽院 : P158-經歷,,,
C25-河院 : P166-州判,賍,C25-河院 : P167-縣丞,,,
C25-河院 : P167-縣丞,功,C24-鹽院 : P158-經歷,,,
C25-河院 : P167-縣丞,德,C15-縣 : P93-煩縣,,,
C25-河院 : P167-縣丞,才,C29-兵馬司 : P178-副揮,,,
C25-河院 : P167-縣丞,柔,C25-河院 : P167-縣丞,,,
C25-河院 : P167-縣丞,良,C19-外府 : P121-經歷,,,
C25-河院 : P167-縣丞,賍,C25-河院 : P168-主簿,,,
C25-河院 : P168-主簿,功,C22-按察司 : P142-知事,,,
C25-河院 : P168-主簿,德,C19-外府 : P121-經歷,,,
C25-河院 : P168-主簿,才,C25-河院 : P167-縣丞,,,
C25-河院 : P168-主簿,柔,C25-河院 : P168-主簿,,,
C25-河院 : P168-主簿,良,C24-鹽院 : P160-知事,,,
C25-河院 : P168-主簿,賍,C22-按察司 : P145-檢校,,,
C25-河院 : P169-巡檢,德,C25-河院 : P168-主簿,,,
C25-河院 : P169-巡檢,才,C22-按察司 : P143-照磨,,,
C25-河院 : P169-巡檢,柔,C25-河院 : P169-巡檢,,,
C25-河院 : P169-巡檢,良,C16-州 : P106-吏目,,,
C25-河院 : P169-巡檢,賍,C25-河院 : P170-閘官,,,
C25-河院 : P170-閘官,功,C18-直隸廳 : P115-司獄,,,
C25-河院 : P170-閘官,德,C21-各道 : P138-庫大使,,,
C25-河院 : P170-閘官,才,C19-外府 : P125-大使,,,
C25-河院 : P170-閘官,柔,C25-河院 : P170-閘官,,,
C25-河院 : P170-閘官,良,C15-縣 : P99-典史,,,
C25-河院 : P170-閘官,賍,C25-河院 : P170-閘官,,,
C26-漕院 : P171-漕督,德,C36-戶部 : P223-尚書,,,
C26-漕院 : P171-漕督,才,C28-督院 : P175-總督,,,
C26-漕院 : P171-漕督,柔,C26-漕院 : P171-漕督,,,
C26-漕院 : P172-巡漕御史,功,C20-京府 : P128-府丞,,,
C26-漕院 : P172-巡漕御史,德,C45-太常寺 : P284-少卿,,,
C26-漕院 : P172-巡漕御史,才,C21-各道 : P135-糧道,,,
C26-漕院 : P172-巡漕御史,柔,C26-漕院 : P172-巡漕御史,,,
C26-漕院 : P172-巡漕御史,良,C49-六科給事中 : P306-給事中,,,
C26-漕院 : P172-巡漕御史,賍,C37-吏部 : P235-員外,,,
C27-撫院 : P173-巡撫,二賍,C65-外員內調降用 : P414-巡撫內調,,,
C27-撫院 : P173-巡撫,德,C28-督院 : P175-總督,,,
C27-撫院 : P173-巡撫,才,C25-河院 : P161-河督,,,
C28-督院 : P175-總督,德,C57-內閣 : P353-協辦大學士,40,,
C28-督院 : P175-總督,柔,C28-督院 : P175-總督,,,
C29-兵馬司 : P177-正揮,德,C20-京府 : P130-四路同知,,,
C29-兵馬司 : P177-正揮,才,C36-戶部 : P228-主事,,,
C29-兵馬司 : P177-正揮,柔,C29-兵馬司 : P177-正揮,,,
C29-兵馬司 : P177-正揮,良,C50-都察院 : P311-都事,,,
C29-兵馬司 : P177-正揮,賍,C29-兵馬司 : P178-副揮,,,
C29-兵馬司 : P178-副揮,功,C24-鹽院 : P157-運判,,,
C29-兵馬司 : P178-副揮,德,C29-兵馬司 : P177-正揮,,,
C29-兵馬司 : P178-副揮,才,C20-京府 : P131-通判,,,
C29-兵馬司 : P178-副揮,柔,C16-州 : P104-州同,,,
C29-兵馬司 : P178-副揮,良,C15-縣 : P94-簡縣,,,
C29-兵馬司 : P178-副揮,賍,C19-外府 : P121-經歷,,,
C29-兵馬司 : P179-吏目,功,C33-刑部 : P205-司獄,,,
C29-兵馬司 : P179-吏目,德,C19-外府 : P122-知事,,,repaired
C29-兵馬司 : P179-吏目,才,C15-縣 : P97-主簿,,,
C29-兵馬司 : P179-吏目,柔,C16-州 : P106-吏目,,,
C29-兵馬司 : P179-吏目,良,C18-直隸廳 : P116-照磨,,,
C29-兵馬司 : P179-吏目,賍,C0-局外：P0-白丁,,,
C2-世爵 : P16-衍聖公,Auto,C1-出身 : P1-蔭生,,,
C2-世爵 : P17-一等輕車都尉,功,C44-太僕寺 : P278-正卿,,,
C2-世爵 : P17-一等輕車都尉,德,C51-理藩院 : P314/5-左右侍郎,,,
C2-世爵 : P17-一等輕車都尉,才,C46-大理寺 : P292-正卿,,,
C2-世爵 : P17-一等輕車都尉,柔,C2-世爵 : P17-一等輕車都尉,,,
C2-世爵 : P17-一等輕車都尉,良,C2-世爵 : P17-一等輕車都尉,,,
C2-世爵 : P17-一等輕車都尉,賍,C2-世爵 : P17-一等輕車都尉,,,
C2-世爵 : P18-二等輕車都尉,功,C42-鴻臚寺 : P268-正卿,,,
C2-世爵 : P18-二等輕車都尉,德,C45-太常寺 : P283-正卿,,,
C2-世爵 : P18-二等輕車都尉,才,C43-光祿寺 : P273-正卿,,,
C2-世爵 : P18-二等輕車都尉,柔,C2-世爵 : P18-二等輕車都尉,,,
C2-世爵 : P18-二等輕車都尉,良,C2-世爵 : P18-二等輕車都尉,,,
C2-世爵 : P18-二等輕車都尉,賍,C2-世爵 : P18-二等輕車都尉,,,
C2-世爵 : P19-三等輕車都尉,功,C52-內務府 : P320-郎中,,,
C2-世爵 : P19-三等輕車都尉,德,C47-通政司 : P297-副使,,,
C2-世爵 : P19-三等輕車都尉,才,C43-光祿寺 : P274-少卿,,,
C2-世爵 : P19-三等輕車都尉,柔,C2-世爵 : P19-三等輕車都尉,,,
C2-世爵 : P19-三等輕車都尉,良,C2-世爵 : P19-三等輕車都尉,,,
C2-世爵 : P19-三等輕車都尉,賍,C2-世爵 : P19-三等輕車都尉,,,
C2-世爵 : P20-騎都尉,功,C44-太僕寺 : P280-滿缺員外,,,
C2-世爵 : P20-騎都尉,德,C51-理藩院 : P316-郎中,,,
C2-世爵 : P20-騎都尉,才,C52-內務府 : P321-員外,,,
C2-世爵 : P20-騎都尉,柔,C2-世爵 : P20-騎都尉,,,
C2-世爵 : P20-騎都尉,良,C2-世爵 : P20-騎都尉,,,
C2-世爵 : P20-騎都尉,賍,C2-世爵 : P20-騎都尉,,,
C2-世爵 : P21-雲騎尉,功,C46-大理寺 : P294-寺丞,,,
C2-世爵 : P21-雲騎尉,德,C52-內務府 : P320-郎中,,,
C2-世爵 : P21-雲騎尉,才,C51-理藩院 : P317-員外,,,
C2-世爵 : P21-雲騎尉,柔,C2-世爵 : P21-雲騎尉,,,
C2-世爵 : P21-雲騎尉,良,C2-世爵 : P21-雲騎尉,,,
C2-世爵 : P21-雲騎尉,賍,C2-世爵 : P21-雲騎尉,,,
C30-倉場 : P180-總督,德,C36-戶部 : P223-尚書,,,
C30-倉場 : P180-總督,才,C50-都察院 : P307-左都御史,,,
C30-倉場 : P180-總督,柔,C30-倉場 : P180-總督,,,
C31-各部院 : P183-額外主事,功,C35-禮部 : P218-主事,,,
C31-各部院 : P183-額外主事,德,C37-吏部 : P236-主事,,,
C31-各部院 : P183-額外主事,才,C36-戶部 : P228-主事,,,
C31-各部院 : P183-額外主事,柔,C33-刑部 : P203-主事,,,
C31-各部院 : P183-額外主事,良,C34-兵部 : P211-主事,,,
C31-各部院 : P183-額外主事,賍,C32-工部 : P195-主事,,,
C31-各部院 : P184-七品筆帖式,功,C44-太僕寺 : P281-滿缺主事,,,
C31-各部院 : P184-七品筆帖式,德,C35-禮部 : P218-主事,,,
C31-各部院 : P184-七品筆帖式,才,C38-鑾儀衛 : P239-主事,,,
C31-各部院 : P184-七品筆帖式,柔,C31-各部院 : P184-七品筆帖式,,,
C31-各部院 : P184-七品筆帖式,良,C53-宗人府 : P326-經歷,,,
C31-各部院 : P184-七品筆帖式,賍,C31-各部院 : P185-八品筆帖式,,,
C31-各部院 : P185-八品筆帖式,功,C43-光祿寺 : P277-滿缺典簿,,,
C31-各部院 : P185-八品筆帖式,德,C31-各部院 : P184-七品筆帖式,,,
C31-各部院 : P185-八品筆帖式,才,C44-太僕寺 : P282-滿缺主簿,,,
C31-各部院 : P185-八品筆帖式,柔,C31-各部院 : P185-八品筆帖式,,,
C31-各部院 : P185-八品筆帖式,賍,C31-各部院 : P186-九品筆帖式,,,
C31-各部院 : P186-九品筆帖式,德,C44-太僕寺 : P282-滿缺主簿,,,
C31-各部院 : P186-九品筆帖式,才,C31-各部院 : P185-八品筆帖式,,,
C31-各部院 : P186-九品筆帖式,柔,C31-各部院 : P186-九品筆帖式,,,
C31-各部院 : P186-九品筆帖式,賍,C31-各部院 : P186-九品筆帖式,-5,,
C31-各部院 : P187-七品小京官,功,C32-工部 : P195-主事,,,
C31-各部院 : P187-七品小京官,德,C37-吏部 : P236-主事,,,
C31-各部院 : P187-七品小京官,才,C35-禮部 : P218-主事,,,
C31-各部院 : P187-七品小京官,柔,C31-各部院 : P187-七品小京官,,,
C31-各部院 : P187-七品小京官,賍,C31-各部院 : P187-七品小京官,-5,,
C31-各部院 : P188-各部司務,功,C50-都察院 : P311-都事,,,
C31-各部院 : P188-各部司務,德,C33-刑部 : P203-主事,,,
C31-各部院 : P188-各部司務,才,C32-工部 : P195-主事,,,
C31-各部院 : P188-各部司務,柔,C31-各部院 : P188-各部司務,,,
C31-各部院 : P188-各部司務,賍,C15-縣 : P95-揀發知縣,,,
C32-工部 : P190-尚書,功,C37-吏部 : P231-尚書,,,
C32-工部 : P190-尚書,德,C57-內閣 : P353-協辦大學士,40,,六部尚書漢員，非翰林出身，德即大賀 (rule not applied!)
C32-工部 : P191-左侍郎,功,C50-都察院 : P307-左都御史,,,
C32-工部 : P191-左侍郎,德,C32-工部 : P190-尚書,,,
C32-工部 : P191-左侍郎,才,C25-河院 : P161-河督,,,
C32-工部 : P191-左侍郎,柔,C32-工部 : P191-左侍郎,,,凡由捐班雜職出身，非進士底者，遇總裁主考會同考各差，作留任
C32-工部 : P192-右侍郎,功,C50-都察院 : P307-左都御史,,,
C32-工部 : P192-右侍郎,德,C32-工部 : P190-尚書,,,
C32-工部 : P192-右侍郎,才,C25-河院 : P161-河督,,,
C32-工部 : P192-右侍郎,柔,C32-工部 : P191-左侍郎,,,
C32-工部 : P193-郎中,功,C19-外府 : P117-煩府,,,六部郎中、員外，非舉人出身，御史俱作煩府，滿員不受此限
C32-工部 : P193-郎中,功,C50-都察院 : P309-監察御史,,,
C32-工部 : P193-郎中,德,C57-內閣 : P355-侍讀學士,,,
C32-工部 : P193-郎中,才,C19-外府 : P117-煩府,,,
C32-工部 : P193-郎中,柔,C32-工部 : P193-郎中,,,凡由捐班雜職出身，非進士底者，遇總裁主考會同考各差，作留任
C32-工部 : P193-郎中,賍,C32-工部 : P194-員外,,,
C32-工部 : P194-員外,功,C32-工部 : P193-郎中,,,
C32-工部 : P194-員外,德,C19-外府 : P118-簡府,,,
C32-工部 : P194-員外,才,C19-外府 : P117-煩府,,,六部郎中、員外，非舉人出身，御史俱作煩府，滿員不受此限
C32-工部 : P194-員外,才,C50-都察院 : P310-巡街御史,,,
C32-工部 : P194-員外,賍,C32-工部 : P195-主事,,,
C32-工部 : P195-主事,德,C32-工部 : P194-員外,,,
C32-工部 : P195-主事,才,C17-直隸州 : P109-知州,,,
C32-工部 : P195-主事,柔,C32-工部 : P195-主事,,,凡由捐班雜職出身，非進士底者，遇總裁主考會同考各差，作留任
C32-工部 : P195-主事,賍,C47-通政司 : P300-知事,,,
C32-工部 : P197-司匠,功,C56-翰林院 : P349-典簿,,,
C32-工部 : P197-司匠,德,C45-太常寺 : P288-協律郎,,,
C32-工部 : P197-司匠,才,C41-國子監 : P265-典簿,,,
C32-工部 : P197-司匠,柔,C42-鴻臚寺 : P271-鳴贊,,,
C32-工部 : P197-司匠,良,C48-會同四譯館 : P304-大使,,,
C32-工部 : P197-司匠,賍,C35-禮部 : P221-印局大使,,,
C33-刑部 : P198-尚書,功,C37-吏部 : P231-尚書,,,
C33-刑部 : P198-尚書,德,C57-內閣 : P353-協辦大學士,40,,六部尚書漢員，非翰林出身，德即大賀 (rule not applied!)
C33-刑部 : P199-左侍郎,功,C50-都察院 : P307-左都御史,,,
C33-刑部 : P199-左侍郎,德,C33-刑部 : P198-尚書,,,
C33-刑部 : P199-左侍郎,才,C28-督院 : P175-總督,,,
C33-刑部 : P199-左侍郎,柔,C34-兵部 : P208-右侍郎,,,
C33-刑部 : P200-右侍郎,功,C50-都察院 : P307-左都御史,,,
C33-刑部 : P200-右侍郎,德,C33-刑部 : P198-尚書,,,
C33-刑部 : P200-右侍郎,才,C25-河院 : P161-河督,,,
C33-刑部 : P200-右侍郎,柔,C33-刑部 : P199-左侍郎,,,
C33-刑部 : P201-郎中,功,C19-外府 : P117-煩府,,,六部郎中、員外，非舉人出身，御史俱作煩府，滿員不受此限
C33-刑部 : P201-郎中,功,C50-都察院 : P309-監察御史,,,
C33-刑部 : P201-郎中,德,C57-內閣 : P355-侍讀學士,,,
C33-刑部 : P201-郎中,才,C19-外府 : P117-煩府,,,
C33-刑部 : P201-郎中,賍,C33-刑部 : P202-員外,,,
C33-刑部 : P202-員外,功,C33-刑部 : P201-郎中,,,
C33-刑部 : P202-員外,德,C19-外府 : P118-簡府,,,
C33-刑部 : P202-員外,才,C19-外府 : P117-煩府,,,六部郎中、員外，非舉人出身，御史俱作煩府，滿員不受此限
C33-刑部 : P202-員外,才,C50-都察院 : P310-巡街御史,,,
C33-刑部 : P202-員外,柔,C33-刑部 : P202-員外,,,凡由捐班雜職出身，非進士底者，遇總裁主考會同考各差，作留任
C33-刑部 : P202-員外,賍,C33-刑部 : P203-主事,,,
C33-刑部 : P203-主事,德,C33-刑部 : P202-員外,,,
C33-刑部 : P203-主事,才,C17-直隸州 : P109-知州,,,
C33-刑部 : P203-主事,柔,C33-刑部 : P203-主事,,,凡由捐班雜職出身，非進士底者，遇總裁主考會同考各差，作留任
C33-刑部 : P203-主事,賍,C46-大理寺 : P295-評事,,,
C33-刑部 : P205-司獄,功,C15-縣 : P97-主簿,,,
C33-刑部 : P205-司獄,德,C15-縣 : P96-縣丞,,,
C33-刑部 : P205-司獄,才,C19-外府 : P122-知事,,,repaired
C33-刑部 : P205-司獄,柔,C33-刑部 : P205-司獄,,,
C33-刑部 : P205-司獄,賍,C29-兵馬司 : P179-吏目,,,
C34-兵部 : P206-尚書,功,C37-吏部 : P231-尚書,,,
C34-兵部 : P206-尚書,德,C57-內閣 : P353-協辦大學士,40,,六部尚書漢員，非翰林出身，德即大賀 (rule not applied!)
C34-兵部 : P206-尚書,良,C34-兵部 : P206-尚書,,,凡由捐班雜職出身，非進士底者，遇總裁主考會同考各差，作留任
C34-兵部 : P207-左侍郎,功,C50-都察院 : P307-左都御史,,,
C34-兵部 : P207-左侍郎,德,C34-兵部 : P206-尚書,,,
C34-兵部 : P207-左侍郎,才,C28-督院 : P175-總督,,,
C34-兵部 : P207-左侍郎,柔,C35-禮部 : P215-右侍郎,,,
C34-兵部 : P208-右侍郎,功,C25-河院 : P161-河督,,,
C34-兵部 : P208-右侍郎,德,C33-刑部 : P198-尚書,,,
C34-兵部 : P208-右侍郎,才,C50-都察院 : P307-左都御史,,,
C34-兵部 : P208-右侍郎,柔,C34-兵部 : P207-左侍郎,,,
C34-兵部 : P209-郎中,功,C19-外府 : P118-簡府,,,
C34-兵部 : P209-郎中,德,C57-內閣 : P355-侍讀學士,,,
C34-兵部 : P209-郎中,才,C19-外府 : P117-煩府,,,
C34-兵部 : P209-郎中,賍,C34-兵部 : P210-員外,,,
C34-兵部 : P210-員外,功,C34-兵部 : P209-郎中,,,
C34-兵部 : P210-員外,德,C19-外府 : P117-煩府,,,
C34-兵部 : P210-員外,才,C19-外府 : P117-煩府,,,六部郎中、員外，非舉人出身，御史俱作煩府，滿員不受此限
C34-兵部 : P210-員外,才,C50-都察院 : P310-巡街御史,,,
C34-兵部 : P210-員外,良,C34-兵部 : P210-員外,,,凡由捐班雜職出身，非進士底者，遇總裁主考會同考各差，作留任
C34-兵部 : P210-員外,賍,C34-兵部 : P211-主事,,,
C34-兵部 : P211-主事,德,C34-兵部 : P210-員外,,,
C34-兵部 : P211-主事,才,C17-直隸州 : P109-知州,,,
C34-兵部 : P211-主事,柔,C34-兵部 : P211-主事,,,凡由捐班雜職出身，非進士底者，遇總裁主考會同考各差，作留任
C34-兵部 : P211-主事,賍,C47-通政司 : P300-知事,,,
C35-禮部 : P213-尚書,德,C57-內閣 : P353-協辦大學士,40,,六部尚書漢員，非翰林出身，德即大賀 (rule not applied!)
C35-禮部 : P213-尚書,良,C35-禮部 : P213-尚書,,,凡由捐班雜職出身，非進士底者，遇總裁主考會同考各差，作留任
C35-禮部 : P214-左侍郎,德,C35-禮部 : P213-尚書,,,
C35-禮部 : P214-左侍郎,才,C28-督院 : P175-總督,,,
C35-禮部 : P215-右侍郎,德,C35-禮部 : P213-尚書,,,
C35-禮部 : P215-右侍郎,才,C50-都察院 : P307-左都御史,,,
C35-禮部 : P215-右侍郎,柔,C35-禮部 : P214-左侍郎,,,
C35-禮部 : P216-郎中,功,C19-外府 : P117-煩府,,,六部郎中、員外，非舉人出身，御史俱作煩府，滿員不受此限
C35-禮部 : P216-郎中,功,C50-都察院 : P309-監察御史,,,
C35-禮部 : P216-郎中,德,C57-內閣 : P355-侍讀學士,,,
C35-禮部 : P216-郎中,才,C19-外府 : P117-煩府,,,
C35-禮部 : P216-郎中,柔,C35-禮部 : P216-郎中,,,凡由捐班雜職出身，非進士底者，遇總裁主考會同考各差，作留任
C35-禮部 : P216-郎中,賍,C35-禮部 : P217-員外,,,
C35-禮部 : P217-員外,功,C35-禮部 : P216-郎中,,,
C35-禮部 : P217-員外,德,C19-外府 : P118-簡府,,,
C35-禮部 : P217-員外,才,C19-外府 : P117-煩府,,,六部郎中、員外，非舉人出身，御史俱作煩府，滿員不受此限
C35-禮部 : P217-員外,才,C50-都察院 : P310-巡街御史,,,
C35-禮部 : P217-員外,賍,C35-禮部 : P218-主事,,,
C35-禮部 : P218-主事,德,C35-禮部 : P217-員外,,,
C35-禮部 : P218-主事,才,C17-直隸州 : P109-知州,,,
C35-禮部 : P218-主事,柔,C35-禮部 : P218-主事,,,凡由捐班雜職出身，非進士底者，遇總裁主考會同考各差，作留任
C35-禮部 : P218-主事,賍,C47-通政司 : P299-經歷,,,
C35-禮部 : P221-印局大使,功,C45-太常寺 : P291-司樂,,,
C35-禮部 : P221-印局大使,德,C33-刑部 : P205-司獄,,,
C35-禮部 : P221-印局大使,才,C21-各道 : P138-庫大使,,,
C35-禮部 : P221-印局大使,柔,C19-外府 : P125-大使,,,
C35-禮部 : P221-印局大使,良,C32-工部 : P197-司匠,,,
C35-禮部 : P221-印局大使,賍,C35-禮部 : P222-儒士,,,
C35-禮部 : P222-儒士,功,C20-京府 : P134-崇文門副使,,,
C35-禮部 : P222-儒士,德,C35-禮部 : P221-印局大使,,,
C35-禮部 : P222-儒士,才,C16-州 : P107-大使,,,
C35-禮部 : P222-儒士,良,C29-兵馬司 : P179-吏目,,,
C35-禮部 : P222-儒士,賍,C35-禮部 : P222-儒士,,,
C36-戶部 : P223-尚書,德,C57-內閣 : P353-協辦大學士,40,,六部尚書漢員，非翰林出身，德即大賀 (rule not applied!)
C36-戶部 : P224-左侍郎,功,C30-倉場 : P180-總督,,,
C36-戶部 : P224-左侍郎,德,C36-戶部 : P223-尚書,,,
C36-戶部 : P224-左侍郎,才,C26-漕院 : P171-漕督,,,
C36-戶部 : P224-左侍郎,柔,C37-吏部 : P233-右侍郎,,,
C36-戶部 : P225-右侍郎,功,C30-倉場 : P180-總督,,,
C36-戶部 : P225-右侍郎,德,C34-兵部 : P206-尚書,,,
C36-戶部 : P225-右侍郎,才,C26-漕院 : P171-漕督,,,
C36-戶部 : P225-右侍郎,柔,C36-戶部 : P224-左侍郎,,,
C36-戶部 : P226-郎中,德,C57-內閣 : P355-侍讀學士,,,
C36-戶部 : P226-郎中,才,C19-外府 : P117-煩府,,,
C36-戶部 : P226-郎中,賍,C36-戶部 : P227-員外,,,
C36-戶部 : P227-員外,功,C36-戶部 : P226-郎中,,,
C36-戶部 : P227-員外,德,C19-外府 : P117-煩府,,,
C36-戶部 : P227-員外,才,C35-禮部 : P216-郎中,,,
C36-戶部 : P227-員外,賍,C36-戶部 : P228-主事,,,
C36-戶部 : P228-主事,德,C36-戶部 : P227-員外,,,
C36-戶部 : P228-主事,才,C17-直隸州 : P109-知州,,,
C36-戶部 : P228-主事,賍,C55-詹事府 : P337-主簿,,,
C36-戶部 : P230-司庫,功,C46-大理寺 : P294-寺丞,,,
C36-戶部 : P230-司庫,德,C36-戶部 : P228-主事,,,
C36-戶部 : P230-司庫,才,C50-都察院 : P312-經歷,,,
C36-戶部 : P230-司庫,良,C20-京府 : P131-通判,,,
C36-戶部 : P230-司庫,賍,C31-各部院 : P188-各部司務,,,
C37-吏部 : P231-尚書,德,C57-內閣 : P353-協辦大學士,40,,六部尚書漢員，非翰林出身，德即大賀 (rule not applied!)
C37-吏部 : P231-尚書,柔,C37-吏部 : P231-尚書,,,凡由捐班雜職出身，非進士底者，遇總裁主考會同考各差，作留任
C37-吏部 : P231-尚書,賍,C37-吏部 : P231-尚書,,,
C37-吏部 : P232-左侍郎,功,C50-都察院 : P307-左都御史,,,
C37-吏部 : P232-左侍郎,德,C36-戶部 : P223-尚書,,,
C37-吏部 : P232-左侍郎,才,C28-督院 : P175-總督,,,
C37-吏部 : P232-左侍郎,柔,C37-吏部 : P232-左侍郎,,,凡由捐班雜職出身，非進士底者，遇總裁主考會同考各差，作留任
C37-吏部 : P233-右侍郎,功,C50-都察院 : P307-左都御史,,,
C37-吏部 : P233-右侍郎,德,C34-兵部 : P206-尚書,,,
C37-吏部 : P233-右侍郎,才,C28-督院 : P175-總督,,,
C37-吏部 : P234-郎中,功,C19-外府 : P117-煩府,,,六部郎中、員外，非舉人出身，御史俱作煩府，滿員不受此限
C37-吏部 : P234-郎中,功,C50-都察院 : P309-監察御史,,,
C37-吏部 : P234-郎中,德,C57-內閣 : P355-侍讀學士,,,
C37-吏部 : P234-郎中,才,C19-外府 : P117-煩府,,,
C37-吏部 : P234-郎中,賍,C37-吏部 : P235-員外,,,
C37-吏部 : P235-員外,功,C37-吏部 : P234-郎中,,,
C37-吏部 : P235-員外,德,C19-外府 : P117-煩府,,,六部郎中、員外，非舉人出身，御史俱作煩府，滿員不受此限
C37-吏部 : P235-員外,德,C50-都察院 : P310-巡街御史,,,
C37-吏部 : P235-員外,才,C19-外府 : P118-簡府,,,
C37-吏部 : P235-員外,賍,C37-吏部 : P236-主事,,,
C37-吏部 : P236-主事,德,C37-吏部 : P235-員外,,,
C37-吏部 : P236-主事,才,C17-直隸州 : P109-知州,,,
C38-鑾儀衛 : P239-主事,功,C44-太僕寺 : P280-滿缺員外,,,
C38-鑾儀衛 : P239-主事,德,C52-內務府 : P321-員外,,,
C38-鑾儀衛 : P239-主事,才,C51-理藩院 : P317-員外,,,
C38-鑾儀衛 : P239-主事,柔,C38-鑾儀衛 : P239-主事,,,
C38-鑾儀衛 : P239-主事,賍,C31-各部院 : P184-七品筆帖式,,,
C38-鑾儀衛 : P240-經歷,功,C43-光祿寺 : P275-署正,,,
C38-鑾儀衛 : P240-經歷,德,C34-兵部 : P211-主事,,,
C38-鑾儀衛 : P240-經歷,才,C18-直隸廳 : P113-同知,,,
C38-鑾儀衛 : P240-經歷,柔,C38-鑾儀衛 : P240-經歷,,,
C38-鑾儀衛 : P240-經歷,良,C50-都察院 : P311-都事,,,
C38-鑾儀衛 : P240-經歷,賍,C45-太常寺 : P288-協律郎,,,
C39-太醫院 : P241-院使,柔,C39-太醫院 : P241-院使,,,
C39-太醫院 : P241-院使,良,C39-太醫院 : P241-院使,,,
C39-太醫院 : P242-院判,德,C39-太醫院 : P241-院使,,,
C39-太醫院 : P242-院判,才,C39-太醫院 : P242-院判,5,,
C39-太醫院 : P242-院判,柔,C39-太醫院 : P242-院判,,,
C39-太醫院 : P242-院判,賍,C39-太醫院 : P243-御醫,,,
C39-太醫院 : P243-御醫,德,C39-太醫院 : P242-院判,,,
C39-太醫院 : P243-御醫,才,C39-太醫院 : P243-御醫,5,,
C39-太醫院 : P243-御醫,柔,C39-太醫院 : P243-御醫,,,
C39-太醫院 : P243-御醫,賍,C39-太醫院 : P244-八品吏目,,,
C39-太醫院 : P244-八品吏目,德,C39-太醫院 : P242-院判,,,
C39-太醫院 : P244-八品吏目,才,C39-太醫院 : P244-八品吏目,5,,
C39-太醫院 : P244-八品吏目,柔,C39-太醫院 : P244-八品吏目,,,
C39-太醫院 : P244-八品吏目,賍,C39-太醫院 : P245-九品吏目,,,
C39-太醫院 : P245-九品吏目,德,C39-太醫院 : P243-御醫,,,
C39-太醫院 : P245-九品吏目,才,C39-太醫院 : P244-八品吏目,,,
C39-太醫院 : P245-九品吏目,柔,C39-太醫院 : P245-九品吏目,,,
C39-太醫院 : P245-九品吏目,賍,C39-太醫院 : P246-醫士,,,
C39-太醫院 : P246-醫士,德,C39-太醫院 : P244-八品吏目,,,
C39-太醫院 : P246-醫士,才,C39-太醫院 : P245-九品吏目,,,
C39-太醫院 : P246-醫士,柔,C39-太醫院 : P246-醫士,,,
C39-太醫院 : P246-醫士,良,C39-太醫院 : P246-醫士,,,
C39-太醫院 : P246-醫士,賍,C1-出身 : P9-醫士,,,
C3-學院 : P23-教授,功,C41-國子監 : P261-博士,,,
C3-學院 : P23-教授,德,C41-國子監 : P260-監丞,,,
C3-學院 : P23-教授,才,C15-縣 : P93-煩縣,,,
C3-學院 : P23-教授,柔,C3-學院 : P23-教授,,,
C3-學院 : P24-學正,功,C41-國子監 : P263-學正,,,
C3-學院 : P24-學正,德,C15-縣 : P94-簡縣,,,
C3-學院 : P24-學正,才,C3-學院 : P23-教授,,,
C3-學院 : P24-學正,柔,C56-翰林院 : P350-待詔,,,
C3-學院 : P24-學正,良,C41-國子監 : P264-學錄,,,
C3-學院 : P25-教諭,功,C41-國子監 : P265-典簿,,,
C3-學院 : P25-教諭,德,C15-縣 : P94-簡縣,,,
C3-學院 : P25-教諭,才,C3-學院 : P23-教授,,,
C3-學院 : P25-教諭,柔,C55-詹事府 : P338-錄事,,,
C3-學院 : P25-教諭,良,C41-國子監 : P264-學錄,,,
C3-學院 : P26-訓導,功,C15-縣 : P96-縣丞,,,
C3-學院 : P26-訓導,德,C16-州 : P105-州判,,,
C3-學院 : P26-訓導,才,C19-外府 : P121-經歷,,,
C3-學院 : P26-訓導,柔,C3-學院 : P25-教諭,,,
C3-學院 : P26-訓導,良,C3-學院 : P24-學正,,,
C3-學院 : P27-拔貢,功,C3-學院 : P25-教諭,,,
C3-學院 : P27-拔貢,德,C31-各部院 : P187-七品小京官,,,
C3-學院 : P27-拔貢,才,C4-鄉試 : P38-經魁,,,
C3-學院 : P27-拔貢,柔,C8-各館謄錄 : P56-舉人謄錄,,,
C3-學院 : P27-拔貢,良,C17-直隸州 : P111-州判,,,
C3-學院 : P28-優貢,功,C4-鄉試 : P39-舉人,,,
C3-學院 : P28-優貢,德,C4-鄉試 : P37-解元,,,
C3-學院 : P28-優貢,才,C4-鄉試 : P38-經魁,,,
C3-學院 : P28-優貢,柔,C55-詹事府 : P338-錄事,,,
C3-學院 : P28-優貢,良,C3-學院 : P26-訓導,,,
C3-學院 : P29-恩貢,功,C4-鄉試 : P39-舉人,,,
C3-學院 : P29-恩貢,德,C4-鄉試 : P37-解元,,,
C3-學院 : P29-恩貢,才,C4-鄉試 : P38-經魁,,,
C3-學院 : P29-恩貢,柔,C41-國子監 : P267-官學教習,,,
C3-學院 : P29-恩貢,良,C17-直隸州 : P111-州判,,,
C3-學院 : P30-歲貢,功,C3-學院 : P26-訓導,,,
C3-學院 : P30-歲貢,德,C4-鄉試 : P37-解元,,,
C3-學院 : P30-歲貢,才,C4-鄉試 : P39-舉人,,,
C3-學院 : P30-歲貢,柔,C41-國子監 : P267-官學教習,,,
C3-學院 : P30-歲貢,良,C17-直隸州 : P111-州判,,,
C3-學院 : P30-歲貢,賍,C1-出身 : P10-生員,,,
C3-學院 : P31-廩生,功,C4-鄉試 : P39-舉人,,,
C3-學院 : P31-廩生,德,C4-鄉試 : P37-解元,,,
C3-學院 : P31-廩生,才,C4-鄉試 : P38-經魁,,,
C3-學院 : P31-廩生,柔,C4-鄉試 : P40-副榜,,,
C3-學院 : P31-廩生,良,C3-學院 : P27-拔貢,,,
C3-學院 : P31-廩生,賍,C1-出身 : P10-生員,,,
C3-學院 : P32-增生,功,C3-學院 : P27-拔貢,,,
C3-學院 : P32-增生,德,C4-鄉試 : P38-經魁,,,
C3-學院 : P32-增生,才,C4-鄉試 : P39-舉人,,,
C3-學院 : P32-增生,柔,C3-學院 : P31-廩生,,,
C3-學院 : P32-增生,良,C4-鄉試 : P40-副榜,,,
C3-學院 : P33-佾生,功,C1-出身 : P10-生員,,,
C3-學院 : P33-佾生,德,C1-出身 : P5-保舉,,,
C3-學院 : P33-佾生,才,C1-出身 : P10-生員,,,
C3-學院 : P33-佾生,柔,C48-會同四譯館 : P305-教正序班,,,
C3-學院 : P33-佾生,良,C1-出身 : P11-監生,,,
C40-欽天監 : P247-監正,柔,C40-欽天監 : P247-監正,,,
C40-欽天監 : P247-監正,良,C40-欽天監 : P247-監正,,,
C40-欽天監 : P248-監副,功,C40-欽天監 : P247-監正,,,
C40-欽天監 : P248-監副,德,C34-兵部 : P210-員外,,,
C40-欽天監 : P248-監副,才,C32-工部 : P194-員外,,,
C40-欽天監 : P248-監副,柔,C40-欽天監 : P248-監副,,,
C40-欽天監 : P248-監副,良,C40-欽天監 : P248-監副,,,
C40-欽天監 : P248-監副,賍,C40-欽天監 : P249-五官正,,,
C40-欽天監 : P249-五官正,功,C40-欽天監 : P248-監副,,,
C40-欽天監 : P249-五官正,德,C35-禮部 : P218-主事,,,
C40-欽天監 : P249-五官正,才,C33-刑部 : P203-主事,,,
C40-欽天監 : P249-五官正,柔,C40-欽天監 : P249-五官正,,,
C40-欽天監 : P249-五官正,良,C50-都察院 : P311-都事,,,
C40-欽天監 : P249-五官正,賍,C40-欽天監 : P250-靈臺郎,,,
C40-欽天監 : P250-靈臺郎,德,C40-欽天監 : P248-監副,,,
C40-欽天監 : P250-靈臺郎,才,C40-欽天監 : P249-五官正,,,
C40-欽天監 : P250-靈臺郎,柔,C40-欽天監 : P250-靈臺郎,,,
C40-欽天監 : P250-靈臺郎,賍,C40-欽天監 : P253-挈壺,,,
C40-欽天監 : P251-主簿,德,C40-欽天監 : P249-五官正,,,
C40-欽天監 : P251-主簿,才,C40-欽天監 : P250-靈臺郎,,,
C40-欽天監 : P251-主簿,柔,C40-欽天監 : P251-主簿,,,
C40-欽天監 : P251-主簿,賍,C40-欽天監 : P253-挈壺,,,
C40-欽天監 : P252-保章正,德,C40-欽天監 : P249-五官正,,,
C40-欽天監 : P252-保章正,才,C40-欽天監 : P250-靈臺郎,,,
C40-欽天監 : P252-保章正,柔,C40-欽天監 : P252-保章正,,,
C40-欽天監 : P252-保章正,良,C40-欽天監 : P251-主簿,,,
C40-欽天監 : P252-保章正,賍,C40-欽天監 : P253-挈壺,,,
C40-欽天監 : P253-挈壺,功,C40-欽天監 : P252-保章正,,,
C40-欽天監 : P253-挈壺,德,C40-欽天監 : P250-靈臺郎,,,
C40-欽天監 : P253-挈壺,才,C40-欽天監 : P251-主簿,,,
C40-欽天監 : P253-挈壺,柔,C40-欽天監 : P253-挈壺,,,
C40-欽天監 : P253-挈壺,賍,C40-欽天監 : P255-五官司書,,,
C40-欽天監 : P254-五官監侯,功,C40-欽天監 : P253-挈壺,,,
C40-欽天監 : P254-五官監侯,德,C40-欽天監 : P251-主簿,,,
C40-欽天監 : P254-五官監侯,才,C40-欽天監 : P252-保章正,,,
C40-欽天監 : P254-五官監侯,柔,C40-欽天監 : P254-五官監侯,,,
C40-欽天監 : P254-五官監侯,賍,C40-欽天監 : P256-博士,,,
C40-欽天監 : P255-五官司書,德,C40-欽天監 : P252-保章正,,,
C40-欽天監 : P255-五官司書,才,C40-欽天監 : P253-挈壺,,,
C40-欽天監 : P255-五官司書,柔,C40-欽天監 : P255-五官司書,,,
C40-欽天監 : P255-五官司書,賍,C40-欽天監 : P256-博士,,,
C40-欽天監 : P256-博士,功,C40-欽天監 : P255-五官司書,,,
C40-欽天監 : P256-博士,德,C40-欽天監 : P253-挈壺,,,
C40-欽天監 : P256-博士,才,C40-欽天監 : P254-五官監侯,,,
C40-欽天監 : P256-博士,柔,C40-欽天監 : P256-博士,,,
C40-欽天監 : P256-博士,賍,C40-欽天監 : P257-司晨,,,
C40-欽天監 : P257-司晨,德,C40-欽天監 : P254-五官監侯,,,
C40-欽天監 : P257-司晨,才,C40-欽天監 : P255-五官司書,,,
C40-欽天監 : P257-司晨,柔,C40-欽天監 : P257-司晨,,,
C40-欽天監 : P257-司晨,良,C40-欽天監 : P257-司晨,,,
C40-欽天監 : P257-司晨,賍,C1-出身 : P8-天文生,,,
C41-國子監 : P258-祭酒,德,C55-詹事府 : P328-正詹,,,
C41-國子監 : P258-祭酒,才,C55-詹事府 : P329-少詹,,,
C41-國子監 : P258-祭酒,賍,C55-詹事府 : P332-洗馬,,,
C41-國子監 : P259-司業,功,C55-詹事府 : P332-洗馬,,,
C41-國子監 : P259-司業,德,C56-翰林院 : P343-侍讀,,,
C41-國子監 : P259-司業,才,C56-翰林院 : P344-侍講,,,
C41-國子監 : P259-司業,賍,C56-翰林院 : P347-檢討,,,
C41-國子監 : P260-監丞,功,C50-都察院 : P311-都事,,,
C41-國子監 : P260-監丞,德,C53-宗人府 : P325-主事,,,
C41-國子監 : P260-監丞,才,C36-戶部 : P228-主事,,,
C41-國子監 : P260-監丞,賍,C41-國子監 : P263-學正,,,
C41-國子監 : P261-博士,功,C50-都察院 : P311-都事,,,
C41-國子監 : P261-博士,德,C37-吏部 : P236-主事,,,
C41-國子監 : P261-博士,才,C35-禮部 : P218-主事,,,
C41-國子監 : P261-博士,賍,C3-學院 : P23-教授,,,
C41-國子監 : P262-助教,功,C43-光祿寺 : P275-署正,,,
C41-國子監 : P262-助教,德,C34-兵部 : P211-主事,,,
C41-國子監 : P262-助教,才,C32-工部 : P195-主事,,,
C41-國子監 : P262-助教,柔,C41-國子監 : P262-助教,,,
C41-國子監 : P262-助教,賍,C41-國子監 : P264-學錄,,,
C41-國子監 : P263-學正,功,C41-國子監 : P262-助教,,,
C41-國子監 : P263-學正,德,C45-太常寺 : P287-典簿,,,
C41-國子監 : P263-學正,才,C38-鑾儀衛 : P240-經歷,,,
C41-國子監 : P263-學正,柔,C41-國子監 : P263-學正,,,
C41-國子監 : P263-學正,良,C31-各部院 : P188-各部司務,,,
C41-國子監 : P263-學正,賍,C3-學院 : P26-訓導,,,
C41-國子監 : P264-學錄,功,C41-國子監 : P262-助教,,,
C41-國子監 : P264-學錄,德,C45-太常寺 : P287-典簿,,,
C41-國子監 : P264-學錄,才,C46-大理寺 : P295-評事,,,
C41-國子監 : P264-學錄,柔,C41-國子監 : P264-學錄,,,
C41-國子監 : P264-學錄,良,C45-太常寺 : P288-協律郎,,,
C41-國子監 : P264-學錄,賍,C3-學院 : P26-訓導,,,
C41-國子監 : P265-典簿,功,C31-各部院 : P188-各部司務,,,
C41-國子監 : P265-典簿,德,C38-鑾儀衛 : P240-經歷,,,
C41-國子監 : P265-典簿,才,C55-詹事府 : P337-主簿,,,
C41-國子監 : P265-典簿,柔,C41-國子監 : P265-典簿,,,
C41-國子監 : P265-典簿,賍,C32-工部 : P197-司匠,,,
C41-國子監 : P266-典籍,功,C56-翰林院 : P349-典簿,,,
C41-國子監 : P266-典籍,德,C55-詹事府 : P337-主簿,,,
C41-國子監 : P266-典籍,才,C45-太常寺 : P288-協律郎,,,
C41-國子監 : P266-典籍,柔,C48-會同四譯館 : P304-大使,,,
C41-國子監 : P266-典籍,賍,C56-翰林院 : P351-孔目,,,
C41-國子監 : P267-官學教習,功,C3-學院 : P25-教諭,,,
C41-國子監 : P267-官學教習,德,C15-縣 : P95-揀發知縣,,,
C41-國子監 : P267-官學教習,柔,C41-國子監 : P267-官學教習,,,
C41-國子監 : P267-官學教習,良,C41-國子監 : P267-官學教習,,,
C41-國子監 : P267-官學教習,賍,C41-國子監 : P267-官學教習,,,
C42-鴻臚寺 : P268-正卿,德,C47-通政司 : P297-副使,,,
C42-鴻臚寺 : P268-正卿,才,C46-大理寺 : P293-少卿,,,
C42-鴻臚寺 : P268-正卿,賍,C47-通政司 : P298-參議,,,
C42-鴻臚寺 : P269-少卿,功,C43-光祿寺 : P274-少卿,,,
C42-鴻臚寺 : P269-少卿,德,C57-內閣 : P355-侍讀學士,,,
C42-鴻臚寺 : P269-少卿,才,C47-通政司 : P298-參議,,,
C42-鴻臚寺 : P269-少卿,賍,C46-大理寺 : P294-寺丞,,,
C42-鴻臚寺 : P270-主簿,德,C36-戶部 : P230-司庫,,,
C42-鴻臚寺 : P270-主簿,才,C55-詹事府 : P337-主簿,,,
C42-鴻臚寺 : P270-主簿,柔,C42-鴻臚寺 : P270-主簿,,,
C42-鴻臚寺 : P270-主簿,賍,C42-鴻臚寺 : P271-鳴贊,,,
C42-鴻臚寺 : P271-鳴贊,功,C15-縣 : P96-縣丞,,,
C42-鴻臚寺 : P271-鳴贊,德,C16-州 : P105-州判,,,
C42-鴻臚寺 : P271-鳴贊,才,C19-外府 : P121-經歷,,,
C42-鴻臚寺 : P271-鳴贊,柔,C45-太常寺 : P291-司樂,,,
C42-鴻臚寺 : P271-鳴贊,賍,C42-鴻臚寺 : P272-序班,,,
C42-鴻臚寺 : P272-序班,功,C42-鴻臚寺 : P271-鳴贊,,,
C42-鴻臚寺 : P272-序班,德,C15-縣 : P96-縣丞,,,
C42-鴻臚寺 : P272-序班,才,C15-縣 : P97-主簿,,,
C42-鴻臚寺 : P272-序班,柔,C48-會同四譯館 : P305-教正序班,,,
C42-鴻臚寺 : P272-序班,賍,C56-翰林院 : P351-孔目,,,
C43-光祿寺 : P273-正卿,功,C46-大理寺 : P292-正卿,,,
C43-光祿寺 : P273-正卿,德,C53-宗人府 : P322-宗丞,,,
C43-光祿寺 : P273-正卿,才,C47-通政司 : P296-通政使,,,
C43-光祿寺 : P273-正卿,柔,C45-太常寺 : P283-正卿,,,
C43-光祿寺 : P273-正卿,良,C20-京府 : P127-府尹,,,
C43-光祿寺 : P273-正卿,賍,C45-太常寺 : P284-少卿,,,
C43-光祿寺 : P274-少卿,德,C57-內閣 : P355-侍讀學士,,,
C43-光祿寺 : P274-少卿,才,C47-通政司 : P298-參議,,,
C43-光祿寺 : P274-少卿,賍,C42-鴻臚寺 : P269-少卿,,,
C43-光祿寺 : P275-署正,功,C32-工部 : P195-主事,,,
C43-光祿寺 : P275-署正,德,C18-直隸廳 : P113-同知,,,
C43-光祿寺 : P275-署正,才,C46-大理寺 : P294-寺丞,,,
C43-光祿寺 : P275-署正,良,C45-太常寺 : P285-寺丞,,,
C43-光祿寺 : P275-署正,賍,C45-太常寺 : P286-博士,,,
C43-光祿寺 : P276-滿缺署丞,功,C44-太僕寺 : P281-滿缺主事,,,
C43-光祿寺 : P276-滿缺署丞,德,C51-理藩院 : P318-主事,,,
C43-光祿寺 : P276-滿缺署丞,才,C38-鑾儀衛 : P239-主事,,,
C43-光祿寺 : P276-滿缺署丞,柔,C43-光祿寺 : P276-滿缺署丞,,,
C43-光祿寺 : P276-滿缺署丞,賍,C31-各部院 : P186-九品筆帖式,,,
C43-光祿寺 : P277-滿缺典簿,功,C45-太常寺 : P287-典簿,,,
C43-光祿寺 : P277-滿缺典簿,德,C43-光祿寺 : P275-署正,,,
C43-光祿寺 : P277-滿缺典簿,才,C19-外府 : P120-通判,,,
C43-光祿寺 : P277-滿缺典簿,柔,C43-光祿寺 : P276-滿缺署丞,,,
C43-光祿寺 : P277-滿缺典簿,良,C36-戶部 : P230-司庫,,,
C43-光祿寺 : P277-滿缺典簿,賍,C42-鴻臚寺 : P270-主簿,,,
C44-太僕寺 : P278-正卿,功,C46-大理寺 : P292-正卿,,,
C44-太僕寺 : P278-正卿,德,C53-宗人府 : P322-宗丞,,,
C44-太僕寺 : P278-正卿,才,C47-通政司 : P296-通政使,,,
C44-太僕寺 : P278-正卿,柔,C20-京府 : P127-府尹,,,
C44-太僕寺 : P278-正卿,良,C45-太常寺 : P283-正卿,,,
C44-太僕寺 : P278-正卿,賍,C46-大理寺 : P293-少卿,,,
C44-太僕寺 : P279-少卿,德,C47-通政司 : P297-副使,,,
C44-太僕寺 : P279-少卿,才,C46-大理寺 : P293-少卿,,,
C44-太僕寺 : P279-少卿,賍,C47-通政司 : P298-參議,,,
C44-太僕寺 : P280-滿缺員外,功,C48-會同四譯館 : P302-郎中,,,
C44-太僕寺 : P280-滿缺員外,德,C52-內務府 : P320-郎中,,,
C44-太僕寺 : P280-滿缺員外,才,C51-理藩院 : P316-郎中,,,
C44-太僕寺 : P280-滿缺員外,柔,C44-太僕寺 : P280-滿缺員外,,,
C44-太僕寺 : P280-滿缺員外,賍,C44-太僕寺 : P281-滿缺主事,,,
C44-太僕寺 : P281-滿缺主事,功,C44-太僕寺 : P280-滿缺員外,,,
C44-太僕寺 : P281-滿缺主事,德,C52-內務府 : P321-員外,,,
C44-太僕寺 : P281-滿缺主事,才,C51-理藩院 : P317-員外,,,
C44-太僕寺 : P281-滿缺主事,賍,C44-太僕寺 : P282-滿缺主簿,,,
C44-太僕寺 : P282-滿缺主簿,功,C44-太僕寺 : P281-滿缺主事,,,
C44-太僕寺 : P282-滿缺主簿,德,C51-理藩院 : P318-主事,,,
C44-太僕寺 : P282-滿缺主簿,才,C38-鑾儀衛 : P239-主事,,,
C44-太僕寺 : P282-滿缺主簿,柔,C44-太僕寺 : P282-滿缺主簿,,,
C44-太僕寺 : P282-滿缺主簿,良,C53-宗人府 : P326-經歷,,,
C44-太僕寺 : P282-滿缺主簿,賍,C31-各部院 : P185-八品筆帖式,,,
C45-太常寺 : P283-正卿,功,C46-大理寺 : P292-正卿,,,
C45-太常寺 : P283-正卿,德,C53-宗人府 : P322-宗丞,,,
C45-太常寺 : P283-正卿,才,C47-通政司 : P296-通政使,,,
C45-太常寺 : P283-正卿,賍,C47-通政司 : P297-副使,,,
C45-太常寺 : P284-少卿,德,C47-通政司 : P297-副使,,,
C45-太常寺 : P284-少卿,才,C46-大理寺 : P293-少卿,,,
C45-太常寺 : P284-少卿,賍,C47-通政司 : P298-參議,,,
C45-太常寺 : P285-寺丞,功,C18-直隸廳 : P113-同知,,,
C45-太常寺 : P285-寺丞,德,C34-兵部 : P210-員外,,,
C45-太常寺 : P285-寺丞,才,C32-工部 : P194-員外,,,
C45-太常寺 : P285-寺丞,柔,C45-太常寺 : P285-寺丞,,,
C45-太常寺 : P285-寺丞,賍,C36-戶部 : P230-司庫,,,
C45-太常寺 : P286-博士,功,C18-直隸廳 : P113-同知,,,
C45-太常寺 : P286-博士,德,C34-兵部 : P211-主事,,,
C45-太常寺 : P286-博士,才,C50-都察院 : P311-都事,,,
C45-太常寺 : P286-博士,賍,C43-光祿寺 : P277-滿缺典簿,,,
C45-太常寺 : P287-典簿,功,C20-京府 : P131-通判,,,
C45-太常寺 : P287-典簿,德,C33-刑部 : P203-主事,,,
C45-太常寺 : P287-典簿,才,C50-都察院 : P312-經歷,,,
C45-太常寺 : P287-典簿,良,C43-光祿寺 : P275-署正,,,
C45-太常寺 : P287-典簿,賍,C45-太常寺 : P291-司樂,,,
C45-太常寺 : P288-協律郎,功,C54-中書科 : P327-中書,,,
C45-太常寺 : P288-協律郎,德,C47-通政司 : P299-經歷,,,
C45-太常寺 : P288-協律郎,才,C45-太常寺 : P286-博士,,,
C45-太常寺 : P288-協律郎,柔,C45-太常寺 : P288-協律郎,,,
C45-太常寺 : P288-協律郎,賍,C48-會同四譯館 : P304-大使,,,
C45-太常寺 : P289-讀祝官,德,C43-光祿寺 : P276-滿缺署丞,,,
C45-太常寺 : P289-讀祝官,才,C43-光祿寺 : P277-滿缺典簿,,,
C45-太常寺 : P289-讀祝官,柔,C45-太常寺 : P289-讀祝官,,,
C45-太常寺 : P289-讀祝官,賍,C45-太常寺 : P290-贊禮郎,,,
C45-太常寺 : P290-贊禮郎,德,C43-光祿寺 : P276-滿缺署丞,,,
C45-太常寺 : P290-贊禮郎,才,C43-光祿寺 : P277-滿缺典簿,,,
C45-太常寺 : P290-贊禮郎,柔,C45-太常寺 : P289-讀祝官,,,
C45-太常寺 : P290-贊禮郎,賍,C45-太常寺 : P291-司樂,,,
C45-太常寺 : P291-司樂,功,C48-會同四譯館 : P304-大使,,,
C45-太常寺 : P291-司樂,德,C45-太常寺 : P288-協律郎,,,
C45-太常寺 : P291-司樂,才,C42-鴻臚寺 : P270-主簿,,,
C45-太常寺 : P291-司樂,柔,C45-太常寺 : P291-司樂,,,
C45-太常寺 : P291-司樂,賍,C45-太常寺 : P291-司樂,,,
C46-大理寺 : P292-正卿,功,C50-都察院 : P308-左副都御史,,,
C46-大理寺 : P292-正卿,德,C34-兵部 : P208-右侍郎,,,
C46-大理寺 : P292-正卿,才,C32-工部 : P192-右侍郎,,,
C46-大理寺 : P292-正卿,賍,C43-光祿寺 : P273-正卿,,,
C46-大理寺 : P293-少卿,德,C44-太僕寺 : P278-正卿,,,
C46-大理寺 : P293-少卿,才,C43-光祿寺 : P273-正卿,,,
C46-大理寺 : P293-少卿,賍,C44-太僕寺 : P279-少卿,,,
C46-大理寺 : P294-寺丞,功,C18-直隸廳 : P113-同知,,,
C46-大理寺 : P294-寺丞,德,C42-鴻臚寺 : P269-少卿,,,
C46-大理寺 : P294-寺丞,才,C37-吏部 : P235-員外,,,
C46-大理寺 : P294-寺丞,良,C16-州 : P103-知州,,,
C46-大理寺 : P294-寺丞,賍,C43-光祿寺 : P275-署正,,,
C46-大理寺 : P295-評事,功,C18-直隸廳 : P113-同知,,,
C46-大理寺 : P295-評事,德,C35-禮部 : P218-主事,,,
C46-大理寺 : P295-評事,才,C45-太常寺 : P285-寺丞,,,
C46-大理寺 : P295-評事,賍,C31-各部院 : P188-各部司務,,,
C47-通政司 : P296-通政使,功,C50-都察院 : P308-左副都御史,,,
C47-通政司 : P296-通政使,德,C36-戶部 : P225-右侍郎,,,
C47-通政司 : P296-通政使,才,C33-刑部 : P200-右侍郎,,,
C47-通政司 : P296-通政使,賍,C43-光祿寺 : P273-正卿,,,
C47-通政司 : P297-副使,德,C44-太僕寺 : P278-正卿,,,
C47-通政司 : P297-副使,才,C43-光祿寺 : P273-正卿,,,
C47-通政司 : P297-副使,柔,C47-通政司 : P297-副使,,,
C47-通政司 : P297-副使,賍,C45-太常寺 : P284-少卿,,,
C47-通政司 : P298-參議,功,C20-京府 : P128-府丞,,,
C47-通政司 : P298-參議,德,C45-太常寺 : P284-少卿,,,
C47-通政司 : P298-參議,才,C42-鴻臚寺 : P268-正卿,,,
C47-通政司 : P298-參議,柔,C47-通政司 : P298-參議,,,
C47-通政司 : P298-參議,良,C57-內閣 : P355-侍讀學士,,,
C47-通政司 : P298-參議,賍,C42-鴻臚寺 : P269-少卿,,,
C47-通政司 : P299-經歷,功,C20-京府 : P131-通判,,,
C47-通政司 : P299-經歷,德,C37-吏部 : P236-主事,,,
C47-通政司 : P299-經歷,才,C50-都察院 : P311-都事,,,
C47-通政司 : P299-經歷,賍,C45-太常寺 : P288-協律郎,,,
C47-通政司 : P300-知事,功,C20-京府 : P131-通判,,,
C47-通政司 : P300-知事,德,C36-戶部 : P228-主事,,,
C47-通政司 : P300-知事,才,C50-都察院 : P312-經歷,,,
C47-通政司 : P300-知事,賍,C55-詹事府 : P337-主簿,,,
C48-會同四譯館 : P301-館卿,德,C52-內務府 : P319-總管,,,
C48-會同四譯館 : P301-館卿,才,C43-光祿寺 : P273-正卿,,,
C48-會同四譯館 : P301-館卿,柔,C48-會同四譯館 : P301-館卿,,,
C48-會同四譯館 : P301-館卿,良,C48-會同四譯館 : P301-館卿,,,
C48-會同四譯館 : P301-館卿,賍,C51-理藩院 : P316-郎中,,,
C48-會同四譯館 : P302-郎中,德,C48-會同四譯館 : P301-館卿,,,
C48-會同四譯館 : P302-郎中,才,C19-外府 : P117-煩府,,,
C48-會同四譯館 : P302-郎中,良,C53-宗人府 : P323-理事官,,,
C48-會同四譯館 : P302-郎中,賍,C53-宗人府 : P324-副理事,,,
C48-會同四譯館 : P303-員外,功,C51-理藩院 : P316-郎中,,,
C48-會同四譯館 : P303-員外,德,C19-外府 : P118-簡府,,,
C48-會同四譯館 : P303-員外,才,C48-會同四譯館 : P302-郎中,,,
C48-會同四譯館 : P303-員外,賍,C51-理藩院 : P318-主事,,,
C48-會同四譯館 : P304-大使,功,C24-鹽院 : P160-知事,,,
C48-會同四譯館 : P304-大使,德,C45-太常寺 : P288-協律郎,,,
C48-會同四譯館 : P304-大使,才,C42-鴻臚寺 : P270-主簿,,,
C48-會同四譯館 : P304-大使,柔,C48-會同四譯館 : P304-大使,,,
C48-會同四譯館 : P304-大使,賍,C48-會同四譯館 : P305-教正序班,,,
C48-會同四譯館 : P305-教正序班,德,C42-鴻臚寺 : P270-主簿,,,
C48-會同四譯館 : P305-教正序班,才,C48-會同四譯館 : P304-大使,,,
C48-會同四譯館 : P305-教正序班,柔,C55-詹事府 : P338-錄事,,,
C48-會同四譯館 : P305-教正序班,賍,C56-翰林院 : P351-孔目,,,
C49-六科給事中 : P306-給事中,功,C20-京府 : P128-府丞,,,
C49-六科給事中 : P306-給事中,德,C45-太常寺 : P284-少卿,,,
C49-六科給事中 : P306-給事中,才,C42-鴻臚寺 : P268-正卿,,,
C49-六科給事中 : P306-給事中,良,C21-各道 : P135-糧道,,,
C49-六科給事中 : P306-給事中,賍,C37-吏部 : P235-員外,,,
C4-鄉試 : P37-解元,功,C5-會試 : P46-進士,,,
C4-鄉試 : P37-解元,德,C5-會試 : P44-會元,,,
C4-鄉試 : P37-解元,才,C5-會試 : P45-會魁,,,
C4-鄉試 : P37-解元,柔,C4-鄉試 : P37-解元,,,
C4-鄉試 : P37-解元,賍,C4-鄉試 : P37-解元,,,
C4-鄉試 : P38-經魁,功,C5-會試 : P46-進士,,,
C4-鄉試 : P38-經魁,德,C5-會試 : P44-會元,,,
C4-鄉試 : P38-經魁,才,C5-會試 : P45-會魁,,,
C4-鄉試 : P38-經魁,柔,C4-鄉試 : P38-經魁,,,"Agency to reject P56. (See: Puk, p28)"
C4-鄉試 : P38-經魁,柔,C8-各館謄錄 : P56-舉人謄錄,,,
C4-鄉試 : P38-經魁,賍,C4-鄉試 : P38-經魁,,,
C4-鄉試 : P39-舉人,功,C5-會試 : P46-進士,,,
C4-鄉試 : P39-舉人,德,C5-會試 : P45-會魁,,,
C4-鄉試 : P39-舉人,才,C5-會試 : P46-進士,,,
C4-鄉試 : P39-舉人,柔,C8-各館謄錄 : P56-舉人謄錄,,,
C4-鄉試 : P39-舉人,良,C17-直隸州 : P110-州同,,,
C4-鄉試 : P39-舉人,賍,C4-鄉試 : P39-舉人,,,
C4-鄉試 : P40-副榜,功,C4-鄉試 : P39-舉人,,,
C4-鄉試 : P40-副榜,德,C4-鄉試 : P37-解元,,,
C4-鄉試 : P40-副榜,才,C4-鄉試 : P38-經魁,,,
C4-鄉試 : P40-副榜,柔,C17-直隸州 : P111-州判,,,
C4-鄉試 : P40-副榜,良,C41-國子監 : P267-官學教習,,,
C4-鄉試 : P40-副榜,良,C4-鄉試 : P40-副榜,,,"Agency to reject P267. (See: Puk, p28)."
C4-鄉試 : P40-副榜,賍,C56-翰林院 : P351-孔目,,,
C50-都察院 : P307-左都御史,功,C28-督院 : P175-總督,,,
C50-都察院 : P307-左都御史,德,C36-戶部 : P223-尚書,,,
C50-都察院 : P307-左都御史,才,C34-兵部 : P206-尚書,,,
C50-都察院 : P308-左副都御史,功,C27-撫院 : P173-巡撫,,,
C50-都察院 : P308-左副都御史,德,C37-吏部 : P233-右侍郎,,,
C50-都察院 : P308-左副都御史,才,C36-戶部 : P225-右侍郎,,,
C50-都察院 : P308-左副都御史,柔,C50-都察院 : P308-左副都御史,,,
C50-都察院 : P308-左副都御史,賍,C44-太僕寺 : P278-正卿,,,
C50-都察院 : P309-監察御史,功,C57-內閣 : P355-侍讀學士,,,
C50-都察院 : P309-監察御史,德,C20-京府 : P128-府丞,,,
C50-都察院 : P309-監察御史,才,C21-各道 : P137-巡道,,,
C50-都察院 : P309-監察御史,柔,C50-都察院 : P310-巡街御史,,,
C50-都察院 : P309-監察御史,良,C49-六科給事中 : P306-給事中,,,
C50-都察院 : P309-監察御史,賍,C32-工部 : P194-員外,,,
C50-都察院 : P310-巡街御史,功,C21-各道 : P136-鹽道,,,
C50-都察院 : P310-巡街御史,德,C42-鴻臚寺 : P268-正卿,,,
C50-都察院 : P310-巡街御史,才,C20-京府 : P128-府丞,,,
C50-都察院 : P310-巡街御史,柔,C26-漕院 : P172-巡漕御史,,,
C50-都察院 : P310-巡街御史,良,C49-六科給事中 : P306-給事中,,,
C50-都察院 : P310-巡街御史,賍,C35-禮部 : P217-員外,,,
C50-都察院 : P311-都事,功,C17-直隸州 : P109-知州,,,
C50-都察院 : P311-都事,德,C36-戶部 : P227-員外,,,
C50-都察院 : P311-都事,才,C34-兵部 : P210-員外,,,
C50-都察院 : P311-都事,柔,C50-都察院 : P311-都事,,,
C50-都察院 : P311-都事,賍,C47-通政司 : P299-經歷,,,
C50-都察院 : P312-經歷,功,C18-直隸廳 : P113-同知,,,
C50-都察院 : P312-經歷,德,C33-刑部 : P202-員外,,,
C50-都察院 : P312-經歷,才,C32-工部 : P194-員外,,,
C50-都察院 : P312-經歷,柔,C50-都察院 : P312-經歷,,,
C50-都察院 : P312-經歷,賍,C47-通政司 : P300-知事,,,
C51-理藩院 : P313-尚書,功,C33-刑部 : P198-尚書,,,
C51-理藩院 : P313-尚書,德,C36-戶部 : P223-尚書,,,
C51-理藩院 : P313-尚書,才,C34-兵部 : P206-尚書,,,
C51-理藩院 : P313-尚書,柔,C51-理藩院 : P313-尚書,,,
C51-理藩院 : P314/5-左右侍郎,德,C51-理藩院 : P313-尚書,,,
C51-理藩院 : P314/5-左右侍郎,才,C37-吏部 : P232-左侍郎,,,
C51-理藩院 : P314/5-左右侍郎,柔,C51-理藩院 : P314/5-左右侍郎,,,
C51-理藩院 : P316-郎中,德,C48-會同四譯館 : P301-館卿,,,
C51-理藩院 : P316-郎中,才,C19-外府 : P117-煩府,,,
C51-理藩院 : P316-郎中,柔,C53-宗人府 : P323-理事官,,,
C51-理藩院 : P316-郎中,良,C52-內務府 : P320-郎中,,,
C51-理藩院 : P316-郎中,賍,C51-理藩院 : P317-員外,,,
C51-理藩院 : P317-員外,功,C51-理藩院 : P316-郎中,,,
C51-理藩院 : P317-員外,德,C48-會同四譯館 : P302-郎中,,,
C51-理藩院 : P317-員外,才,C52-內務府 : P320-郎中,,,
C51-理藩院 : P317-員外,柔,C51-理藩院 : P317-員外,,,
C51-理藩院 : P317-員外,良,C52-內務府 : P321-員外,,,
C51-理藩院 : P317-員外,賍,C51-理藩院 : P318-主事,,,
C51-理藩院 : P318-主事,功,C51-理藩院 : P317-員外,,,
C51-理藩院 : P318-主事,德,C53-宗人府 : P324-副理事,,,
C51-理藩院 : P318-主事,才,C52-內務府 : P321-員外,,,
C51-理藩院 : P318-主事,柔,C51-理藩院 : P318-主事,,,
C51-理藩院 : P318-主事,良,C44-太僕寺 : P280-滿缺員外,,,
C51-理藩院 : P318-主事,賍,C31-各部院 : P184-七品筆帖式,,,
C52-內務府 : P319-總管,德,C51-理藩院 : P314/5-左右侍郎,,,
C52-內務府 : P319-總管,才,C46-大理寺 : P292-正卿,,,
C52-內務府 : P319-總管,賍,C48-會同四譯館 : P301-館卿,,,
C52-內務府 : P320-郎中,德,C48-會同四譯館 : P301-館卿,,,
C52-內務府 : P320-郎中,才,C50-都察院 : P309-監察御史,,,
C52-內務府 : P320-郎中,賍,C52-內務府 : P321-員外,,,
C52-內務府 : P321-員外,德,C52-內務府 : P320-郎中,,,
C52-內務府 : P321-員外,才,C48-會同四譯館 : P302-郎中,,,
C52-內務府 : P321-員外,賍,C53-宗人府 : P326-經歷,,,
C53-宗人府 : P322-宗丞,功,C32-工部 : P192-右侍郎,,,
C53-宗人府 : P322-宗丞,德,C34-兵部 : P208-右侍郎,,,
C53-宗人府 : P322-宗丞,才,C33-刑部 : P200-右侍郎,,,
C53-宗人府 : P322-宗丞,柔,C53-宗人府 : P322-宗丞,,,
C53-宗人府 : P322-宗丞,良,C50-都察院 : P308-左副都御史,,,
C53-宗人府 : P322-宗丞,賍,C43-光祿寺 : P273-正卿,,,
C53-宗人府 : P323-理事官,德,C48-會同四譯館 : P301-館卿,,,
C53-宗人府 : P323-理事官,才,C20-京府 : P128-府丞,,,
C53-宗人府 : P323-理事官,柔,C53-宗人府 : P323-理事官,,,
C53-宗人府 : P323-理事官,賍,C51-理藩院 : P317-員外,,,
C53-宗人府 : P324-副理事,功,C52-內務府 : P320-郎中,,,
C53-宗人府 : P324-副理事,德,C42-鴻臚寺 : P268-正卿,,,
C53-宗人府 : P324-副理事,才,C53-宗人府 : P323-理事官,,,
C53-宗人府 : P324-副理事,柔,C53-宗人府 : P324-副理事,,,
C53-宗人府 : P324-副理事,良,C51-理藩院 : P316-郎中,,,
C53-宗人府 : P324-副理事,賍,C53-宗人府 : P326-經歷,,,
C53-宗人府 : P325-主事,功,C17-直隸州 : P109-知州,,,
C53-宗人府 : P325-主事,德,C37-吏部 : P235-員外,,,
C53-宗人府 : P325-主事,才,C36-戶部 : P227-員外,,,
C53-宗人府 : P325-主事,賍,C47-通政司 : P299-經歷,,,
C53-宗人府 : P326-經歷,功,C48-會同四譯館 : P303-員外,,,
C53-宗人府 : P326-經歷,德,C52-內務府 : P321-員外,,,
C53-宗人府 : P326-經歷,才,C51-理藩院 : P317-員外,,,
C53-宗人府 : P326-經歷,柔,C53-宗人府 : P326-經歷,,,
C53-宗人府 : P326-經歷,賍,C31-各部院 : P184-七品筆帖式,,,
C54-中書科 : P327-中書,功,C35-禮部 : P218-主事,,,
C54-中書科 : P327-中書,德,C18-直隸廳 : P113-同知,,,
C54-中書科 : P327-中書,才,C37-吏部 : P236-主事,,,
C54-中書科 : P327-中書,良,C50-都察院 : P311-都事,,,
C54-中書科 : P327-中書,賍,C31-各部院 : P188-各部司務,,,
C55-詹事府 : P328-正詹,德,C35-禮部 : P215-右侍郎,,,
C55-詹事府 : P328-正詹,才,C57-內閣 : P354-內閣學士,,,
C55-詹事府 : P328-正詹,賍,C55-詹事府 : P329-少詹,,,
C55-詹事府 : P329-少詹,德,C57-內閣 : P354-內閣學士,,,
C55-詹事府 : P329-少詹,才,C55-詹事府 : P328-正詹,,,
C55-詹事府 : P329-少詹,賍,C55-詹事府 : P330-左庶子,,,
C55-詹事府 : P330-左庶子,功,C41-國子監 : P258-祭酒,,,
C55-詹事府 : P330-左庶子,德,C55-詹事府 : P329-少詹,,,
C55-詹事府 : P330-左庶子,才,C56-翰林院 : P341-侍讀學士,,,
C55-詹事府 : P330-左庶子,賍,C55-詹事府 : P335-左贊善,,,
C55-詹事府 : P331-右庶子,功,C41-國子監 : P258-祭酒,,,
C55-詹事府 : P331-右庶子,德,C55-詹事府 : P329-少詹,,,
C55-詹事府 : P331-右庶子,才,C56-翰林院 : P342-侍講學士,,,
C55-詹事府 : P331-右庶子,賍,C55-詹事府 : P335-左贊善,,,
C55-詹事府 : P332-洗馬,德,C55-詹事府 : P330-左庶子,,,
C55-詹事府 : P332-洗馬,才,C55-詹事府 : P331-右庶子,,,
C55-詹事府 : P332-洗馬,賍,C55-詹事府 : P336-右贊善,,,
C55-詹事府 : P333-左中允,功,C55-詹事府 : P332-洗馬,,,
C55-詹事府 : P333-左中允,德,C56-翰林院 : P343-侍讀,,,
C55-詹事府 : P333-左中允,才,C56-翰林院 : P344-侍講,,,
C55-詹事府 : P333-左中允,賍,C55-詹事府 : P336-右贊善,,,
C55-詹事府 : P334-右中允,功,C55-詹事府 : P332-洗馬,,,
C55-詹事府 : P334-右中允,德,C56-翰林院 : P343-侍讀,,,
C55-詹事府 : P334-右中允,才,C56-翰林院 : P344-侍講,,,
C55-詹事府 : P334-右中允,賍,C56-翰林院 : P347-檢討,,,
C55-詹事府 : P335-左贊善,功,C55-詹事府 : P332-洗馬,,,
C55-詹事府 : P335-左贊善,德,C56-翰林院 : P343-侍讀,,,
C55-詹事府 : P335-左贊善,才,C56-翰林院 : P344-侍講,,,
C55-詹事府 : P335-左贊善,賍,C56-翰林院 : P347-檢討,,,
C55-詹事府 : P336-右贊善,功,C55-詹事府 : P333-左中允,,,
C55-詹事府 : P336-右贊善,德,C56-翰林院 : P344-侍講,,,
C55-詹事府 : P336-右贊善,才,C55-詹事府 : P332-洗馬,,,
C55-詹事府 : P336-右贊善,賍,C56-翰林院 : P347-檢討,,,
C55-詹事府 : P337-主簿,功,C47-通政司 : P300-知事,,,
C55-詹事府 : P337-主簿,德,C43-光祿寺 : P275-署正,,,
C55-詹事府 : P337-主簿,才,C19-外府 : P120-通判,,,
C55-詹事府 : P337-主簿,柔,C55-詹事府 : P337-主簿,,,
C55-詹事府 : P337-主簿,良,C45-太常寺 : P287-典簿,,,
C55-詹事府 : P337-主簿,賍,C56-翰林院 : P349-典簿,,,
C55-詹事府 : P338-錄事,功,C42-鴻臚寺 : P270-主簿,,,
C55-詹事府 : P338-錄事,德,C45-太常寺 : P288-協律郎,,,
C55-詹事府 : P338-錄事,才,C56-翰林院 : P349-典簿,,,
C55-詹事府 : P338-錄事,柔,C55-詹事府 : P338-錄事,,,
C55-詹事府 : P338-錄事,良,C48-會同四譯館 : P304-大使,,,
C55-詹事府 : P338-錄事,賍,C16-州 : P107-大使,,,
C56-翰林院 : P341-侍讀學士,德,C57-內閣 : P354-內閣學士,,,
C56-翰林院 : P341-侍讀學士,才,C55-詹事府 : P328-正詹,,,
C56-翰林院 : P341-侍讀學士,賍,C56-翰林院 : P343-侍讀,,,
C56-翰林院 : P342-侍講學士,德,C55-詹事府 : P328-正詹,,,
C56-翰林院 : P342-侍講學士,才,C55-詹事府 : P329-少詹,,,
C56-翰林院 : P342-侍講學士,賍,C56-翰林院 : P344-侍講,,,
C56-翰林院 : P343-侍讀,功,C55-詹事府 : P330-左庶子,,,
C56-翰林院 : P343-侍讀,德,C56-翰林院 : P341-侍讀學士,,,
C56-翰林院 : P343-侍讀,才,C41-國子監 : P258-祭酒,,,
C56-翰林院 : P343-侍讀,賍,C55-詹事府 : P335-左贊善,,,
C56-翰林院 : P344-侍講,功,C55-詹事府 : P331-右庶子,,,
C56-翰林院 : P344-侍講,德,C56-翰林院 : P342-侍講學士,,,
C56-翰林院 : P344-侍講,才,C41-國子監 : P258-祭酒,,,
C56-翰林院 : P344-侍講,賍,C55-詹事府 : P335-左贊善,,,
C56-翰林院 : P345-修撰,功,C55-詹事府 : P336-右贊善,,,
C56-翰林院 : P345-修撰,德,C55-詹事府 : P334-右中允,,,
C56-翰林院 : P345-修撰,才,C41-國子監 : P259-司業,,,
C56-翰林院 : P345-修撰,賍,C56-翰林院 : P346-編修,,,
C56-翰林院 : P346-編修,德,C55-詹事府 : P334-右中允,,,
C56-翰林院 : P346-編修,才,C41-國子監 : P259-司業,,,
C56-翰林院 : P346-編修,賍,C35-禮部 : P218-主事,,,
C56-翰林院 : P347-檢討,德,C41-國子監 : P259-司業,,,
C56-翰林院 : P347-檢討,才,C55-詹事府 : P336-右贊善,,,
C56-翰林院 : P347-檢討,賍,C57-內閣 : P359-中書,,,
C56-翰林院 : P348-庶吉士,功,C37-吏部 : P236-主事,,,
C56-翰林院 : P348-庶吉士,德,C56-翰林院 : P346-編修,,,
C56-翰林院 : P348-庶吉士,才,C56-翰林院 : P347-檢討,,,
C56-翰林院 : P348-庶吉士,柔,C57-內閣 : P359-中書,,,
C56-翰林院 : P348-庶吉士,良,C35-禮部 : P218-主事,,,
C56-翰林院 : P349-典簿,功,C38-鑾儀衛 : P240-經歷,,,
C56-翰林院 : P349-典簿,德,C41-國子監 : P260-監丞,,,
C56-翰林院 : P349-典簿,才,C45-太常寺 : P287-典簿,,,
C56-翰林院 : P349-典簿,柔,C56-翰林院 : P349-典簿,,,
C56-翰林院 : P349-典簿,賍,C56-翰林院 : P350-待詔,,,
C56-翰林院 : P350-待詔,功,C56-翰林院 : P349-典簿,,,
C56-翰林院 : P350-待詔,德,C31-各部院 : P188-各部司務,,,
C56-翰林院 : P350-待詔,才,C45-太常寺 : P288-協律郎,,,
C56-翰林院 : P350-待詔,柔,C56-翰林院 : P350-待詔,,,
C56-翰林院 : P350-待詔,賍,C56-翰林院 : P351-孔目,,,
C56-翰林院 : P351-孔目,德,C41-國子監 : P266-典籍,,,
C56-翰林院 : P351-孔目,才,C56-翰林院 : P350-待詔,,,
C56-翰林院 : P351-孔目,柔,C45-太常寺 : P291-司樂,,,
C56-翰林院 : P351-孔目,良,C55-詹事府 : P338-錄事,,,
C56-翰林院 : P351-孔目,賍,C29-兵馬司 : P179-吏目,,,
C57-內閣 : P352-大學士,德,C66-品級考 : P417-光祿大夫,,,賀
C57-內閣 : P352-大學士,賍,C57-內閣 : P352-大學士,,,
C57-內閣 : P353-協辦大學士,德,C66-品級考 : P418-榮祿大夫,,,賀
C57-內閣 : P353-協辦大學士,柔,C57-內閣 : P353-協辦大學士,,,
C57-內閣 : P353-協辦大學士,賍,C57-內閣 : P353-協辦大學士,,,
C57-內閣 : P354-內閣學士,德,C35-禮部 : P215-右侍郎,,,
C57-內閣 : P354-內閣學士,才,C27-撫院 : P173-巡撫,,,
C57-內閣 : P354-內閣學士,賍,C55-詹事府 : P329-少詹,,,
C57-內閣 : P355-侍讀學士,德,C47-通政司 : P297-副使,,,
C57-內閣 : P355-侍讀學士,才,C46-大理寺 : P293-少卿,,,
C57-內閣 : P355-侍讀學士,賍,C35-禮部 : P216-郎中,,,
C57-內閣 : P356-侍讀,功,C34-兵部 : P209-郎中,,,
C57-內閣 : P356-侍讀,德,C50-都察院 : P309-監察御史,,,
C57-內閣 : P356-侍讀,才,C36-戶部 : P226-郎中,,,
C57-內閣 : P356-侍讀,賍,C54-中書科 : P327-中書,,,
C57-內閣 : P357-協辦侍讀,德,C57-內閣 : P356-侍讀,,,
C57-內閣 : P357-協辦侍讀,才,C35-禮部 : P218-主事,,,
C57-內閣 : P357-協辦侍讀,賍,C57-內閣 : P358-典籍,,,
C57-內閣 : P358-典籍,功,C37-吏部 : P236-主事,,,
C57-內閣 : P358-典籍,德,C18-直隸廳 : P113-同知,,,
C57-內閣 : P358-典籍,才,C53-宗人府 : P325-主事,,,
C57-內閣 : P358-典籍,良,C50-都察院 : P311-都事,,,
C57-內閣 : P358-典籍,賍,C31-各部院 : P188-各部司務,,,
C57-內閣 : P359-中書,德,C18-直隸廳 : P113-同知,,,
C57-內閣 : P359-中書,才,C57-內閣 : P357-協辦侍讀,,,
C57-內閣 : P359-中書,良,C61-內廷 : P387-主事,,,
C57-內閣 : P359-中書,賍,C31-各部院 : P188-各部司務,,,
C5-會試 : P44-會元,柔,C6-殿試 : P51-二甲,,,
C5-會試 : P44-會元,良,C6-殿試 : P50-傳臚,,,
C5-會試 : P44-會元,賍,C5-會試 : P44-會元,,,
C5-會試 : P45-會魁,功,C6-殿試 : P50-傳臚,,,
C5-會試 : P45-會魁,柔,C6-殿試 : P52-三甲,,,
C5-會試 : P45-會魁,良,C6-殿試 : P51-二甲,,,
C5-會試 : P45-會魁,賍,C5-會試 : P45-會魁,,,
C5-會試 : P46-進士,功,C6-殿試 : P50-傳臚,,,
C5-會試 : P46-進士,柔,C6-殿試 : P52-三甲,,,
C5-會試 : P46-進士,良,C6-殿試 : P51-二甲,,,
C5-會試 : P46-進士,賍,C5-會試 : P46-進士,,,
C61-內廷 : P387-主事,功,C17-直隸州 : P109-知州,,,
C61-內廷 : P387-主事,德,C37-吏部 : P235-員外,,,
C61-內廷 : P387-主事,才,C36-戶部 : P227-員外,,,
C61-內廷 : P387-主事,賍,C47-通政司 : P299-經歷,,,
C65-外員內調降用 : P414-巡撫內調,功,C46-大理寺 : P292-正卿,,,
C65-外員內調降用 : P414-巡撫內調,德,C53-宗人府 : P322-宗丞,,,
C65-外員內調降用 : P414-巡撫內調,才,C47-通政司 : P296-通政使,,,
C65-外員內調降用 : P414-巡撫內調,柔,C44-太僕寺 : P278-正卿,,,
C65-外員內調降用 : P414-巡撫內調,良,C45-太常寺 : P283-正卿,,,
C65-外員內調降用 : P415-布政內調,功,C46-大理寺 : P293-少卿,,,
C65-外員內調降用 : P415-布政內調,德,C45-太常寺 : P283-正卿,,,
C65-外員內調降用 : P415-布政內調,才,C43-光祿寺 : P273-正卿,,,
C65-外員內調降用 : P415-布政內調,良,C42-鴻臚寺 : P268-正卿,,,
C65-外員內調降用 : P416-按察內調,德,C46-大理寺 : P293-少卿,,,
C65-外員內調降用 : P416-按察內調,才,C42-鴻臚寺 : P268-正卿,,,
C65-外員內調降用 : P416-按察內調,柔,C65-外員內調降用 : P416-按察內調,,,
C6-殿試 : P47-狀元,Auto,C56-翰林院 : P345-修撰,,,
C6-殿試 : P48-榜眼,Auto,C56-翰林院 : P346-編修,,,
C6-殿試 : P49-探花,Auto,C56-翰林院 : P346-編修,,,
C6-殿試 : P50-傳臚,功,C31-各部院 : P183-額外主事,,,
C6-殿試 : P50-傳臚,德,C56-翰林院 : P348-庶吉士,,,
C6-殿試 : P50-傳臚,才,C56-翰林院 : P348-庶吉士,,,
C6-殿試 : P50-傳臚,柔,C6-殿試 : P50-傳臚,,,
C6-殿試 : P50-傳臚,良,C57-內閣 : P359-中書,,,
C6-殿試 : P51-二甲,功,C31-各部院 : P183-額外主事,,,
C6-殿試 : P51-二甲,德,C56-翰林院 : P348-庶吉士,,,
C6-殿試 : P51-二甲,才,C56-翰林院 : P348-庶吉士,,,
C6-殿試 : P51-二甲,柔,C15-縣 : P93-煩縣,,,
C6-殿試 : P51-二甲,良,C57-內閣 : P359-中書,,,
C6-殿試 : P52-三甲,功,C57-內閣 : P359-中書,,,
C6-殿試 : P52-三甲,德,C56-翰林院 : P348-庶吉士,,,
C6-殿試 : P52-三甲,才,C31-各部院 : P183-額外主事,,,
C6-殿試 : P52-三甲,柔,C15-縣 : P94-簡縣,,,
C6-殿試 : P52-三甲,良,C15-縣 : P93-煩縣,,,
C7-曠典 : P53-鴻博,功,C54-中書科 : P327-中書,,,
C7-曠典 : P53-鴻博,德,C56-翰林院 : P347-檢討,,,
C7-曠典 : P53-鴻博,才,C35-禮部 : P218-主事,,,
C7-曠典 : P53-鴻博,良,C15-縣 : P94-簡縣,,,
C7-曠典 : P54-舉人召試,功,C5-會試 : P46-進士,,,
C7-曠典 : P54-舉人召試,德,C57-內閣 : P359-中書,,,
C7-曠典 : P54-舉人召試,才,C57-內閣 : P359-中書,,,
C7-曠典 : P54-舉人召試,柔,C7-曠典 : P54-舉人召試,,,
C7-曠典 : P54-舉人召試,良,C7-曠典 : P54-舉人召試,,,
C7-曠典 : P54-舉人召試,賍,C4-鄉試 : P39-舉人,,,
C7-曠典 : P55-生員召試,功,C4-鄉試 : P39-舉人,,,
C7-曠典 : P55-生員召試,德,C57-內閣 : P359-中書,,,
C7-曠典 : P55-生員召試,才,C57-內閣 : P359-中書,,,
C7-曠典 : P55-生員召試,柔,C7-曠典 : P55-生員召試,,,
C7-曠典 : P55-生員召試,良,C7-曠典 : P55-生員召試,,,
C7-曠典 : P55-生員召試,賍,C1-出身 : P10-生員,,,
C7-曠典 : P55-監生召試,功,C4-鄉試 : P39-舉人,,,
C7-曠典 : P55-監生召試,德,C57-內閣 : P359-中書,,,
C7-曠典 : P55-監生召試,才,C57-內閣 : P359-中書,,,
C7-曠典 : P55-監生召試,柔,C7-曠典 : P55-監生召試,,,
C7-曠典 : P55-監生召試,良,C7-曠典 : P55-監生召試,,,
C7-曠典 : P55-監生召試,賍,C1-出身 : P11-監生,,,
C8-各館謄錄 : P56-舉人謄錄,德,C15-縣 : P95-揀發知縣,,,
C8-各館謄錄 : P56-舉人謄錄,才,C15-縣 : P95-揀發知縣,,,
C8-各館謄錄 : P56-舉人謄錄,柔,C3-學院 : P25-教諭,,,
C8-各館謄錄 : P56-舉人謄錄,良,C17-直隸州 : P110-州同,,,
C8-各館謄錄 : P57-生監謄錄,功,C24-鹽院 : P159-大使,,,
C8-各館謄錄 : P57-生監謄錄,德,C31-各部院 : P188-各部司務,,,
C8-各館謄錄 : P57-生監謄錄,才,C16-州 : P105-州判,,,
C8-各館謄錄 : P57-生監謄錄,柔,C25-河院 : P168-主簿,,,
C8-各館謄錄 : P57-生監謄錄,良,C25-河院 : P167-縣丞,,,
